weekday,rank,webtoon_title,webtoon_author,webtoon_title_id,webtoon_url,series_product_no,series_title,series_title_raw,series_episode_info,series_total_episode_count,series_completion_status,series_author,series_author_raw,series_url,match_status,download_status,series_result_text,weekday_list,weekday_row_count,serial_weekdays,serial_weekday_count,pre_collect_weekdays,post_24h_collect_weekdays,is_download_collectable,release_weekday,release_weekday_ko,pre_collect_weekday,post_24h_collect_weekday,release_event_key,collection_context,target_reason,series_download_text,series_download_count,current_url,snapshot_id,snapshot_weekday,snapshot_weekday_ko,snapshot_started_at_kst,snapshot_date_kst,snapshot_time_kst,item_collect_started_at_kst,item_collect_finished_at_kst,item_collect_elapsed_seconds,collected_at_kst,collected_date_kst,collected_time_kst,snapshot_finished_at_kst,snapshot_elapsed_seconds,baseline_found,baseline_snapshot_id,baseline_collected_at_kst,baseline_download_text,baseline_download_count,download_increase,download_increase_rate,dt
wed,48,칼부림,고일권,602916,https://comic.naver.com/webtoon/list?titleId=602916&tab=wed,2182125,칼부림,칼부림 (총 513화/미완결),총 513화/미완결,513.0,미완결,,,https://series.naver.com/comic/detail.series?productNo=2182125,matched,ok,"칼부림 (총 513화/미완결)
평점
10.0 | 고일권 고일권 | 2026.06.03. | 총513화/미완결 | 511화 무료
임진왜란의 아픔이 채 가시지 않은 17세기 초 조선, 인조반정에 혁혁한 공을 세운 이괄은 북방의 변고를 대비하고자 팔도부원수 겸 평안도병마절도사에 제수받고 영변으로 떠난다.그의 휘하에는 출중한 젊은 무사,주인공 함이..",wed,1,wed,1,tue,wed,True,wed,수,tue,wed,2182125_wed,post_24h,어제 밤 10시 공개 이후 증가분 확인용 수집,164.7만,1647000.0,https://series.naver.com/comic/detail.series?productNo=2182125,20260701_194824,wed,수,2026-07-01 19:48:24,2026-07-01,19:48:24,2026-07-01 19:55:29,2026-07-01 19:55:32,2.63,2026-07-01 19:55:32,2026-07-01,19:55:32,2026-07-01 20:02:48,863.62,True,20260630_193542,2026-06-30 19:35:56,164.6만,1646000.0,1000.0,0.0006075334143377885,2026-07-01 19:55:32
wed,65,언덕 위의 제임스,쿠당탕,671421,https://comic.naver.com/webtoon/list?titleId=671421&tab=wed,2735810,언덕 위의 제임스,언덕 위의 제임스 (총 544화/미완결),총 544화/미완결,544.0,미완결,,,https://series.naver.com/comic/detail.series?productNo=2735810,matched,ok,"언덕 위의 제임스 (총 544화/미완결)
평점
9.9 | 쿠당탕 쿠당탕 | 2026.06.02. | 총544화/미완결 | 541화 무료
제임스들이 펼치는 코믹 막장 에피소드!지금 전세계의 제임스들이 몰려온다",wed,1,wed,1,tue,wed,True,wed,수,tue,wed,2735810_wed,post_24h,어제 밤 10시 공개 이후 증가분 확인용 수집,428.7만,4287000.0,https://series.naver.com/comic/detail.series?productNo=2735810,20260701_194824,wed,수,2026-07-01 19:48:24,2026-07-01,19:48:24,2026-07-01 19:55:33,2026-07-01 19:55:35,2.27,2026-07-01 19:55:35,2026-07-01,19:55:35,2026-07-01 20:02:48,863.62,True,20260630_193542,2026-06-30 19:36:00,428.7만,4287000.0,0.0,0.0,2026-07-01 19:55:35
wed,7,일렉시드,손제호,717481,https://comic.naver.com/webtoon/list?titleId=717481&tab=wed,3673359,일렉시드,일렉시드 (총 404화/미완결),총 404화/미완결,404.0,미완결,,,https://series.naver.com/comic/detail.series?productNo=3673359,matched,ok,"일렉시드 (총 404화/미완결)
평점
9.9 | 손제호 제나 | 2026.06.02. | 총404화/미완결 | 399화 무료
<노블레스> 손제호 작가와 <소녀더와일즈> 제나 작가가 만났다!고양이 몸에 깃든 각성자 카이든과 각성능력을 숨겨온 고등학생 지우 러블리 2인조의 액션 판타지",wed,1,wed,1,tue,wed,True,wed,수,tue,wed,3673359_wed,post_24h,어제 밤 10시 공개 이후 증가분 확인용 수집,"7,924만",79240000.0,https://series.naver.com/comic/detail.series?productNo=3673359,20260701_194824,wed,수,2026-07-01 19:48:24,2026-07-01,19:48:24,2026-07-01 19:55:37,2026-07-01 19:55:39,2.11,2026-07-01 19:55:39,2026-07-01,19:55:39,2026-07-01 20:02:48,863.62,True,20260630_193542,2026-06-30 19:36:04,"7,919만",79190000.0,50000.0,0.0006313928526329082,2026-07-01 19:55:39
wed,15,미래의 골동품 가게,구아진,742105,https://comic.naver.com/webtoon/list?titleId=742105&tab=wed,4913045,미래의 골동품 가게[독점],미래의 골동품 가게[독점] (총 266화/미완결),총 266화/미완결,266.0,미완결,,,https://series.naver.com/comic/detail.series?productNo=4913045,matched,ok,"미래의 골동품 가게[독점] (총 266화/미완결)
평점
9.9 | 구아진 구아진 | 2026.06.02. | 총266화/미완결 | 261화 무료
저주를 풀기 위한 단 한 가지의 방법. 소중한 것들을 지키기 위한 기묘한 소녀의 퇴마가 시작된다.",wed,1,wed,1,tue,wed,True,wed,수,tue,wed,4913045_wed,post_24h,어제 밤 10시 공개 이후 증가분 확인용 수집,"1,272만",12720000.0,https://series.naver.com/comic/detail.series?productNo=4913045,20260701_194824,wed,수,2026-07-01 19:48:24,2026-07-01,19:48:24,2026-07-01 19:55:40,2026-07-01 19:55:42,1.79,2026-07-01 19:55:42,2026-07-01,19:55:42,2026-07-01 20:02:48,863.62,True,20260630_193542,2026-06-30 19:36:07,"1,272만",12720000.0,0.0,0.0,2026-07-01 19:55:42
wed,4,전지적 독자 시점,UMI,747269,https://comic.naver.com/webtoon/list?titleId=747269&tab=wed,5133669,전지적 독자 시점 [독점],전지적 독자 시점 [독점] (총 312화/미완결),총 312화/미완결,312.0,미완결,,,https://series.naver.com/comic/detail.series?productNo=5133669,matched,ok,"전지적 독자 시점 [독점] (총 312화/미완결)
평점
9.9 | 싱숑,UMI 슬리피-C | 2026.05.19. | 총312화/미완결 | 311화 무료
'이건 내가 아는 그 전개다'한순간에 세계가 멸망하고, 새로운 세상이 펼쳐졌다.오직 나만이 완주했던 소설 세계에서 평범했던 독자의 새로운 삶이 시작된다.",wed,1,wed,1,tue,wed,True,wed,수,tue,wed,5133669_wed,post_24h,어제 밤 10시 공개 이후 증가분 확인용 수집,"9,863만",98630000.0,https://series.naver.com/comic/detail.series?productNo=5133669,20260701_194824,wed,수,2026-07-01 19:48:24,2026-07-01,19:48:24,2026-07-01 19:55:43,2026-07-01 19:55:45,2.53,2026-07-01 19:55:45,2026-07-01,19:55:45,2026-07-01 20:02:48,863.62,True,20260630_193542,2026-06-30 19:36:10,"9,862만",98620000.0,10000.0,0.00010139931048468871,2026-07-01 19:55:45
wed,22,나쁜사람,둠스,750184,https://comic.naver.com/webtoon/list?titleId=750184&tab=wed,5371686,나쁜사람,나쁜사람 (총 308화/미완결),총 308화/미완결,308.0,미완결,,,https://series.naver.com/comic/detail.series?productNo=5371686,matched,ok,"나쁜사람 (총 308화/미완결)
평점
9.7 | 둠스 둠스 | 2026.06.02. | 총308화/미완결 | 305화 무료
착한 남자가 좋다는 그녀의 이상형이 되기 위해 10년 동안 노력했다. 그런데! 갑자기 나쁜 남자가 좋다는 그녀...오늘부터 난... 나쁜 남자로 다시 태어난다.",wed,1,wed,1,tue,wed,True,wed,수,tue,wed,5371686_wed,post_24h,어제 밤 10시 공개 이후 증가분 확인용 수집,"3,371만",33710000.0,https://series.naver.com/comic/detail.series?productNo=5371686,20260701_194824,wed,수,2026-07-01 19:48:24,2026-07-01,19:48:24,2026-07-01 19:55:46,2026-07-01 19:55:49,2.34,2026-07-01 19:55:49,2026-07-01,19:55:49,2026-07-01 20:02:48,863.62,True,20260630_193542,2026-06-30 19:36:13,"3,370만",33700000.0,10000.0,0.0002967359050445104,2026-07-01 19:55:49
wed,77,하렘의 남자들,히어리,760001,https://comic.naver.com/webtoon/list?titleId=760001&tab=wed,5677625,하렘의 남자들[독점],하렘의 남자들[독점] (총 209화/미완결),총 209화/미완결,209.0,미완결,히어리 라닌,평점 9.8 | 히어리 라닌 | 2026.06.16. | 총209화/미완결 | 204화 무료,https://series.naver.com/comic/detail.series?productNo=5677625,matched,ok,"하렘의 남자들[독점] (총 209화/미완결)
평점
9.8 | 히어리 라닌 | 2026.06.16. | 총209화/미완결 | 204화 무료
""경들의 말이 옳아.그래서 우선 후궁을 들일까 해.시작은 한, 다섯 정도?""여황제, 제국 최초의 하렘을 선언하다!",wed,1,wed,1,tue,wed,True,wed,수,tue,wed,5677625_wed,post_24h,어제 밤 10시 공개 이후 증가분 확인용 수집,780.9만,7809000.0,https://series.naver.com/comic/detail.series?productNo=5677625,20260701_194824,wed,수,2026-07-01 19:48:24,2026-07-01,19:48:24,2026-07-01 19:55:50,2026-07-01 19:55:53,2.96,2026-07-01 19:55:53,2026-07-01,19:55:53,2026-07-01 20:02:48,863.62,True,20260630_193542,2026-06-30 19:36:17,780.7만,7807000.0,2000.0,0.0002561803509670808,2026-07-01 19:55:53
wed,1,화산귀환,ARCHE,769209,https://comic.naver.com/webtoon/list?titleId=769209&tab=wed,6030941,화산귀환[독점],화산귀환[독점] (총 171화/미완결),총 171화/미완결,171.0,미완결,,,https://series.naver.com/comic/detail.series?productNo=6030941,matched,ok,"화산귀환[독점] (총 171화/미완결)
평점
9.9 | 비가 ARCHE, LICO | 2026.06.02. | 총171화/미완결 | 166화 무료
대 화산파 13대 제자. 천하삼대검수 매화검존 청명. 천하를 혼란에 빠뜨린 고금제일마 천마의 목을 치고 십만대산의 정상에서 영면. 백 년의 시간을 뛰어넘어 아이의 몸으로 다시 살아나다.......뭐? 화산이 망해? 이게 뭔 개소리..",wed,1,wed,1,tue,wed,True,wed,수,tue,wed,6030941_wed,post_24h,어제 밤 10시 공개 이후 증가분 확인용 수집,"9,812만",98120000.0,https://series.naver.com/comic/detail.series?productNo=6030941,20260701_194824,wed,수,2026-07-01 19:48:24,2026-07-01,19:48:24,2026-07-01 19:55:54,2026-07-01 19:55:56,1.73,2026-07-01 19:55:56,2026-07-01,19:55:56,2026-07-01 20:02:48,863.62,True,20260630_193542,2026-06-30 19:36:21,"9,800만",98000000.0,120000.0,0.0012244897959183673,2026-07-01 19:55:56
wed,13,66666년 만에 환생한 흑마법사,모도,775141,https://comic.naver.com/webtoon/list?titleId=775141&tab=wed,6321992,66666년 만에 환생한 흑마법사 [독점],66666년 만에 환생한 흑마법사 [독점] (총 188화/미완결),총 188화/미완결,188.0,미완결,,,https://series.naver.com/comic/detail.series?productNo=6321992,matched,ok,"66666년 만에 환생한 흑마법사 [독점] (총 188화/미완결)
평점
9.9 | 모도, 박지헌 백세 | 2026.06.02. | 총188화/미완결 | 183화 무료
지고의 흑마법사 디아블로 볼피르, 12신의 봉인을 뚫고 환생하다! ""응애!"" 웰턴 백작의 갓 태어난 장남으로. ⓒJC미디어타이틀 로고 디자인_디자인그룹 헌드레드, 카푸",wed,1,wed,1,tue,wed,True,wed,수,tue,wed,6321992_wed,post_24h,어제 밤 10시 공개 이후 증가분 확인용 수집,"2,475만",24750000.0,https://series.naver.com/comic/detail.series?productNo=6321992,20260701_194824,wed,수,2026-07-01 19:48:24,2026-07-01,19:48:24,2026-07-01 19:55:57,2026-07-01 19:56:00,2.6,2026-07-01 19:56:00,2026-07-01,19:56:00,2026-07-01 20:02:48,863.62,True,20260630_193542,2026-06-30 19:36:25,"2,473만",24730000.0,20000.0,0.0008087343307723412,2026-07-01 19:56:00
wed,44,두 번 사는 프로듀서,여로운,780253,https://comic.naver.com/webtoon/list?titleId=780253&tab=wed,6603510,두 번 사는 프로듀서 [독점],두 번 사는 프로듀서 [독점] (총 249화/미완결),총 249화/미완결,249.0,미완결,,,https://series.naver.com/comic/detail.series?productNo=6603510,matched,ok,"두 번 사는 프로듀서 [독점] (총 249화/미완결)
평점
9.3 | 왕십리글쟁이 여로운 | 2026.06.02. | 총249화/미완결 | 244화 무료
“어, 미안. 근데 먼저 한 사람이 임자 아니야? 방송계가 원래 그런 거잖아.”꿈을 가지고 패기 있게 방송국에 입사했지만,쓰레기 같은 선배를 만나 10년 동안 모든 걸 빼앗기기만 한 준수.뼈저리게 후회하고 이를 갈았지만, 바..",wed,1,wed,1,tue,wed,True,wed,수,tue,wed,6603510_wed,post_24h,어제 밤 10시 공개 이후 증가분 확인용 수집,715.2만,7152000.0,https://series.naver.com/comic/detail.series?productNo=6603510,20260701_194824,wed,수,2026-07-01 19:48:24,2026-07-01,19:48:24,2026-07-01 19:56:01,2026-07-01 19:56:03,1.81,2026-07-01 19:56:03,2026-07-01,19:56:03,2026-07-01 20:02:48,863.62,True,20260630_193542,2026-06-30 19:36:28,714.9만,7149000.0,3000.0,0.000419639110365086,2026-07-01 19:56:03
wed,74,비인간,김케이,783022,https://comic.naver.com/webtoon/list?titleId=783022&tab=wed,6657989,비인간,비인간 (총 29화/미완결),총 29화/미완결,29.0,미완결,,,https://series.naver.com/comic/detail.series?productNo=6657989,matched,ok,"비인간 (총 29화/미완결)
평점
9.8 | 김케이 김케이 | 2026.06.02. | 총29화/미완결 | 26화 무료
대규모 집회가 열린 광장에서 정체불명의 바이러스를 유포하던 '인광'은 뉴스팀 '혜나'와 '원식', 보안요원 '형주'에게 꼬리를 밟혀 잡히게 된다. 이미 바이러스가 속수무책으로 퍼진 상황. 인광은 이 재난을 멈출 수 있는 유일한..",wed,1,wed,1,tue,wed,True,wed,수,tue,wed,6657989_wed,post_24h,어제 밤 10시 공개 이후 증가분 확인용 수집,34만,340000.0,https://series.naver.com/comic/detail.series?productNo=6657989,20260701_194824,wed,수,2026-07-01 19:48:24,2026-07-01,19:48:24,2026-07-01 19:56:04,2026-07-01 19:56:06,1.88,2026-07-01 19:56:06,2026-07-01,19:56:06,2026-07-01 20:02:48,863.62,True,20260630_193542,2026-06-30 19:36:32,34만,340000.0,0.0,0.0,2026-07-01 19:56:06
wed,17,무림서부,MIDNIGHT STUDIO,784417,https://comic.naver.com/webtoon/list?titleId=784417&tab=wed,8902548,무림서부 [독점],무림서부 [독점] (총 130화/미완결),총 130화/미완결,130.0,미완결,,,https://series.naver.com/comic/detail.series?productNo=8902548,matched,ok,"무림서부 [독점] (총 130화/미완결)
평점
9.8 | MIDNIGHT STUDIO, 컵라면. 정한길 | 2026.06.02. | 총130화/미완결 | 129화 무료
황제가 무공을 통한 철혈정치로 제국을 천년동안 유지함에 따라,오로지 황군 무공만이 힘이요 법도로 살아남고, 고전 무공들은 스러지고 만다.이런 세계에 환생한 무협지 마니아, 주인공 장건.과연 그는 동경하던 고전 무공을 ..",wed,1,wed,1,tue,wed,True,wed,수,tue,wed,8902548_wed,post_24h,어제 밤 10시 공개 이후 증가분 확인용 수집,287.1만,2871000.0,https://series.naver.com/comic/detail.series?productNo=8902548,20260701_194824,wed,수,2026-07-01 19:48:24,2026-07-01,19:48:24,2026-07-01 19:56:06,2026-07-01 19:56:09,2.78,2026-07-01 19:56:09,2026-07-01,19:56:09,2026-07-01 20:02:48,863.62,True,20260630_193542,2026-06-30 19:36:35,287만,2870000.0,1000.0,0.0003484320557491289,2026-07-01 19:56:09
wed,96,멸종위기종인간,사하라,791892,https://comic.naver.com/webtoon/list?titleId=791892&tab=wed,8298214,멸종위기종인간,멸종위기종인간 (총 179화/미완결),총 179화/미완결,179.0,미완결,,,https://series.naver.com/comic/detail.series?productNo=8298214,matched,ok,"멸종위기종인간 (총 179화/미완결)
평점
9.2 | 사하라 사하라 | 2026.06.02. | 총179화/미완결 | 178화 무료
로또, 짝사랑, 무병장수, 초능력, 저주, 지구멸망...어느날 갑자기 이 모든 소원이 이루어지자지구는 쑥대밭이 되고 멸종위기에 몰린 인간들의 유일한 희망은 초능력을 얻게된 극소수의 사람들이 되었다.",wed,1,wed,1,tue,wed,True,wed,수,tue,wed,8298214_wed,post_24h,어제 밤 10시 공개 이후 증가분 확인용 수집,46.1만,461000.0,https://series.naver.com/comic/detail.series?productNo=8298214,20260701_194824,wed,수,2026-07-01 19:48:24,2026-07-01,19:48:24,2026-07-01 19:56:11,2026-07-01 19:56:13,1.94,2026-07-01 19:56:13,2026-07-01,19:56:13,2026-07-01 20:02:48,863.62,True,20260630_193542,2026-06-30 19:36:39,46.1만,461000.0,0.0,0.0,2026-07-01 19:56:13
wed,5,운명을 보는 회사원,영완(映完),797443,https://comic.naver.com/webtoon/list?titleId=797443&tab=wed,8655645,운명을 보는 회사원 [독점],운명을 보는 회사원 [독점] (총 181화/미완결),총 181화/미완결,181.0,미완결,,,https://series.naver.com/comic/detail.series?productNo=8655645,matched,ok,"운명을 보는 회사원 [독점] (총 181화/미완결)
평점
9.9 | 영완(映完) 임성욱 | 2026.06.02. | 총181화/미완결 | 176화 무료
무당이 되어 세상을 어지럽힐 팔자를 타고난 아이. 욕심을 버리고 신을 받지 않기 위해 평범한 회사원이 되려 한다. 관상과 사주로 운명을 꿰뚫어 보는 최영훈. 과연 평범한 회사원이 될 수 있을까?",wed,1,wed,1,tue,wed,True,wed,수,tue,wed,8655645_wed,post_24h,어제 밤 10시 공개 이후 증가분 확인용 수집,"1,313만",13130000.0,https://series.naver.com/comic/detail.series?productNo=8655645,20260701_194824,wed,수,2026-07-01 19:48:24,2026-07-01,19:48:24,2026-07-01 19:56:14,2026-07-01 19:56:16,2.04,2026-07-01 19:56:16,2026-07-01,19:56:16,2026-07-01 20:02:48,863.62,True,20260630_193542,2026-06-30 19:36:43,"1,311만",13110000.0,20000.0,0.0015255530129672007,2026-07-01 19:56:16
wed,62,용한소녀,올소,803891,https://comic.naver.com/webtoon/list?titleId=803891&tab=wed,9202292,용한소녀,용한소녀 (총 103화/미완결),총 103화/미완결,103.0,미완결,,,https://series.naver.com/comic/detail.series?productNo=9202292,matched,ok,"용한소녀 (총 103화/미완결)
평점
10.0 | 올소 올소 | 2026.06.02. | 총103화/미완결 | 100화 무료
열여덟살이 결혼은 무슨 결혼이야!정략결혼을 피해 용궁에서 지상으로 도망친 용왕의 딸 김용만은성공을 목표로 전교 1등의 꿈을 품고 고등학교에 입학한다.그런데 용만의 옆자리인 전교 1등, 심해수는 라이벌의 등장이 달갑..",wed,1,wed,1,tue,wed,True,wed,수,tue,wed,9202292_wed,post_24h,어제 밤 10시 공개 이후 증가분 확인용 수집,143.5만,1435000.0,https://series.naver.com/comic/detail.series?productNo=9202292,20260701_194824,wed,수,2026-07-01 19:48:24,2026-07-01,19:48:24,2026-07-01 19:56:17,2026-07-01 19:56:19,1.85,2026-07-01 19:56:19,2026-07-01,19:56:19,2026-07-01 20:02:48,863.62,True,20260630_193542,2026-06-30 19:36:47,143.4만,1434000.0,1000.0,0.000697350069735007,2026-07-01 19:56:19
wed,9,백XX,병장,804862,https://comic.naver.com/webtoon/list?titleId=804862&tab=wed,9279492,백XX,백XX (총 182화/미완결),총 182화/미완결,182.0,미완결,,,https://series.naver.com/comic/detail.series?productNo=9279492,matched,ok,"백XX (총 182화/미완결)
평점
9.5 | 박만사, 병장 펀치킥 | 2026.06.02. | 총182화/미완결 | 177화 무료
정보사(HID) 요원 '백이수'와 범죄 조직의 보스인 쌍둥이 형 '백도경'.같은 얼굴 다른 삶을 살아온 쌍둥이 형제. 조직에 배신당한 동생은 자신의 신분을 버리고 형이 되기로 한다.정보사요원, 범죄 조직의 보스가 되다...!",wed,1,wed,1,tue,wed,True,wed,수,tue,wed,9279492_wed,post_24h,어제 밤 10시 공개 이후 증가분 확인용 수집,"2,174만",21740000.0,https://series.naver.com/comic/detail.series?productNo=9279492,20260701_194824,wed,수,2026-07-01 19:48:24,2026-07-01,19:48:24,2026-07-01 19:56:20,2026-07-01 19:56:23,2.54,2026-07-01 19:56:23,2026-07-01,19:56:23,2026-07-01 20:02:48,863.62,True,20260630_193542,2026-06-30 19:36:51,"2,172만",21720000.0,20000.0,0.0009208103130755065,2026-07-01 19:56:23
wed,21,왕따가 격투기를 너무 잘함,김꿀빨,806888,https://comic.naver.com/webtoon/list?titleId=806888&tab=wed,9452518,왕따가 격투기를 너무 잘함,왕따가 격투기를 너무 잘함 (총 176화/미완결),총 176화/미완결,176.0,미완결,,,https://series.naver.com/comic/detail.series?productNo=9452518,matched,ok,"왕따가 격투기를 너무 잘함 (총 176화/미완결)
평점
9.9 | 박만사, 김꿀빨 김꿀빨 | 2026.06.02. | 총176화/미완결 | 171화 무료
종합격투기 선수 차무결은 장회장의 꼬임에 넘어가 무체급 격투기를 하던중 식물인간이 된다. 이후 장회장의 이미지 쇄신용으로이용당하는 차무결. 결국 죽게되는 그는 동명의 고등학생 차무결의 몸에 빙의된다.내구도 s급의 ..",wed,1,wed,1,tue,wed,True,wed,수,tue,wed,9452518_wed,post_24h,어제 밤 10시 공개 이후 증가분 확인용 수집,"1,385만",13850000.0,https://series.naver.com/comic/detail.series?productNo=9452518,20260701_194824,wed,수,2026-07-01 19:48:24,2026-07-01,19:48:24,2026-07-01 19:56:24,2026-07-01 19:56:26,2.22,2026-07-01 19:56:26,2026-07-01,19:56:26,2026-07-01 20:02:48,863.62,True,20260630_193542,2026-06-30 19:36:57,"1,384만",13840000.0,10000.0,0.000722543352601156,2026-07-01 19:56:26
wed,19,중간에서 만나,조흰,808455,https://comic.naver.com/webtoon/list?titleId=808455&tab=wed,9674660,중간에서 만나,중간에서 만나 (총 127화/미완결),총 127화/미완결,127.0,미완결,,,https://series.naver.com/comic/detail.series?productNo=9674660,matched,ok,"중간에서 만나 (총 127화/미완결)
평점
10.0 | 조흰 윤김 | 2026.05.26. | 총127화/미완결 | 122화 무료
""내가 재밌게 해줄 수 있는데.""서른 살, 노잼 인생을 살고 있는 여름 앞에어느 날 나타난 미스테리 연하남!앞뒤 가리지 않고 직진하는 모습이 그저 귀엽다가도, 어딘가 세하고 어딘가 집착적인데? 대체 너 나한테 원하는 게 뭐..",wed,1,wed,1,tue,wed,True,wed,수,tue,wed,9674660_wed,post_24h,어제 밤 10시 공개 이후 증가분 확인용 수집,866.2만,8662000.0,https://series.naver.com/comic/detail.series?productNo=9674660,20260701_194824,wed,수,2026-07-01 19:48:24,2026-07-01,19:48:24,2026-07-01 19:56:27,2026-07-01 19:56:30,2.08,2026-07-01 19:56:30,2026-07-01,19:56:30,2026-07-01 20:02:48,863.62,True,20260630_193542,2026-06-30 19:37:00,864.2만,8642000.0,20000.0,0.0023142791020597086,2026-07-01 19:56:30
wed,59,마님이네 미국 시골집 이야기,마님,814048,https://comic.naver.com/webtoon/list?titleId=814048&tab=wed,10056128,마님이네 미국 시골집 이야기,마님이네 미국 시골집 이야기 (총 288화/미완결),총 288화/미완결,288.0,미완결,,,https://series.naver.com/comic/detail.series?productNo=10056128,matched,ok,"마님이네 미국 시골집 이야기 (총 288화/미완결)
평점
8.9 | 마님 마님 | 2026.06.05. | 총288화/미완결 | 285화 무료
마님♡올리버쌤♡체리 가족이 찾아왔습니다!미국 남자 올리버와, 토종 한국인 마님, 그리고 사랑스러운 딸 체리와 다섯 마리 반려 동물까지.하루종일 육아하고 털 청소하느라 바쁘지만, 그래도 하하 호호 행복한 미국 시골집 ..","wed,sat",2,"wed,sat",2,"tue,fri","wed,sat",True,wed,수,tue,wed,10056128_wed,post_24h,어제 밤 10시 공개 이후 증가분 확인용 수집,72.4만,724000.0,https://series.naver.com/comic/detail.series?productNo=10056128,20260701_194824,wed,수,2026-07-01 19:48:24,2026-07-01,19:48:24,2026-07-01 19:56:30,2026-07-01 19:56:33,2.9,2026-07-01 19:56:33,2026-07-01,19:56:33,2026-07-01 20:02:48,863.62,True,20260630_193542,2026-06-30 19:37:04,72.4만,724000.0,0.0,0.0,2026-07-01 19:56:33
wed,34,강철을 먹는 플레이어,황동,814421,https://comic.naver.com/webtoon/list?titleId=814421&tab=wed,10089767,강철을 먹는 플레이어,강철을 먹는 플레이어 (총 96화/미완결),총 96화/미완결,96.0,미완결,,,https://series.naver.com/comic/detail.series?productNo=10089767,matched,ok,"강철을 먹는 플레이어 (총 96화/미완결)
평점
9.5 | 감독9, 지점장 감독9 | 2026.06.02. | 총96화/미완결 | 93화 무료
강철대제 이현욱, 인류의 마지막 구원자인 그가 죽었다. 미래를 바꾸기 위해 그가 회귀한 곳은… 군대?!!왜 하필 여기냐고!” 복수를 위해 특급 성장하는 이현욱 상병의 강철 먹방이 시작된다!",wed,1,wed,1,tue,wed,True,wed,수,tue,wed,10089767_wed,post_24h,어제 밤 10시 공개 이후 증가분 확인용 수집,411.3만,4113000.0,https://series.naver.com/comic/detail.series?productNo=10089767,20260701_194824,wed,수,2026-07-01 19:48:24,2026-07-01,19:48:24,2026-07-01 19:56:35,2026-07-01 19:56:38,2.66,2026-07-01 19:56:38,2026-07-01,19:56:38,2026-07-01 20:02:48,863.62,True,20260630_193542,2026-06-30 19:37:08,410.9만,4109000.0,4000.0,0.0009734728644439036,2026-07-01 19:56:38
wed,43,수인 보호소에서 남주를 입양해 버렸다,유지별이,814599,https://comic.naver.com/webtoon/list?titleId=814599&tab=wed,10114626,수인 보호소에서 남주를 입양해 버렸다,수인 보호소에서 남주를 입양해 버렸다 (총 121화/미완결),총 121화/미완결,121.0,미완결,,,https://series.naver.com/comic/detail.series?productNo=10114626,matched,ok,"수인 보호소에서 남주를 입양해 버렸다 (총 121화/미완결)
평점
10.0 | 설단희 유지별이 | 2026.06.02. | 총121화/미완결 | 118화 무료
피폐삽질 소설의 시에나 로베트라는 악녀에 빙의했다. 돌연변이라는 이유로 표범 가문에서 버려져 수인 보호소에 온 남주를 괴롭히다, 뒤늦게 아들을 찾아온 공작에 의해 단명하는 역. 어떻게든 살아보겠다고 팔불출 아빠를 설..",wed,1,wed,1,tue,wed,True,wed,수,tue,wed,10114626_wed,post_24h,어제 밤 10시 공개 이후 증가분 확인용 수집,296.6만,2966000.0,https://series.naver.com/comic/detail.series?productNo=10114626,20260701_194824,wed,수,2026-07-01 19:48:24,2026-07-01,19:48:24,2026-07-01 19:56:39,2026-07-01 19:56:41,2.29,2026-07-01 19:56:41,2026-07-01,19:56:41,2026-07-01 20:02:48,863.62,True,20260630_193542,2026-06-30 19:37:11,295.8만,2958000.0,8000.0,0.002704530087897228,2026-07-01 19:56:41
wed,2,별을 품은 소드마스터,홍대의,816809,https://comic.naver.com/webtoon/list?titleId=816809&tab=wed,10180561,별을 품은 소드마스터,별을 품은 소드마스터 (총 125화/미완결),총 125화/미완결,125.0,미완결,,,https://series.naver.com/comic/detail.series?productNo=10180561,matched,ok,"별을 품은 소드마스터 (총 125화/미완결)
평점
10.0 | Q10, 홍대의 주노 | 2026.06.02. | 총125화/미완결 | 120화 무료
기사를 동경하는 슬럼가의 부랑아 블라드.검은 벼락을 맞는 사고 이후부터 들리기 시작한 누군가의 목소리와,어느 날 갑자기 등장한 푸른 달빛의 기사가 블라드의 세계를 산산조각내면서뒷골목 소년의 삶이 송두리째 변하기 ..",wed,1,wed,1,tue,wed,True,wed,수,tue,wed,10180561_wed,post_24h,어제 밤 10시 공개 이후 증가분 확인용 수집,"1,670만",16700000.0,https://series.naver.com/comic/detail.series?productNo=10180561,20260701_194824,wed,수,2026-07-01 19:48:24,2026-07-01,19:48:24,2026-07-01 19:56:43,2026-07-01 19:56:45,2.32,2026-07-01 19:56:45,2026-07-01,19:56:45,2026-07-01 20:02:48,863.62,True,20260630_193542,2026-06-30 19:37:15,"1,664만",16640000.0,60000.0,0.003605769230769231,2026-07-01 19:56:45
mon,26,어린이집 다니는 구나,구나,817945,https://comic.naver.com/webtoon/list?titleId=817945&tab=mon,10301137,어린이집 다니는 구나,어린이집 다니는 구나 (총 187화/미완결),총 187화/미완결,187.0,미완결,,,https://series.naver.com/comic/detail.series?productNo=10301137,matched,ok,"어린이집 다니는 구나 (총 187화/미완결)
평점
10.0 | 구나 구나 | 2026.06.07. | 총187화/미완결 | 181화 무료
""노는 게 제일 좋아!"" 라고 했더니 정말 노는 게 직업이 됐다?! 매일 동심의 세계로 출퇴근한지 어쩌다 10년째!아이들이라면 알 만큼 안다고 생각했는데... 예측불가한 말과 행동들은 여전히 새롭기만 하다. 그런 아이들에게 언제..","mon,wed",2,"mon,wed",2,"sun,tue","mon,wed",True,wed,수,tue,wed,10301137_wed,post_24h,어제 밤 10시 공개 이후 증가분 확인용 수집,193.4만,1934000.0,https://series.naver.com/comic/detail.series?productNo=10301137,20260701_194824,wed,수,2026-07-01 19:48:24,2026-07-01,19:48:24,2026-07-01 19:56:46,2026-07-01 19:56:47,1.8,2026-07-01 19:56:47,2026-07-01,19:56:47,2026-07-01 20:02:48,863.62,True,20260630_193542,2026-06-30 19:37:18,192.8만,1928000.0,6000.0,0.0031120331950207467,2026-07-01 19:56:47
wed,18,어느 마법사의 식당,차씨,818888,https://comic.naver.com/webtoon/list?titleId=818888&tab=wed,10440189,어느 마법사의 식당,어느 마법사의 식당 (총 136화/미완결),총 136화/미완결,136.0,미완결,,,https://series.naver.com/comic/detail.series?productNo=10440189,matched,ok,"어느 마법사의 식당 (총 136화/미완결)
평점
9.9 | 차씨 INUS | 2026.06.02. | 총136화/미완결 | 130화 무료
요리사를 꿈꾸던 내가 사고로 이세계에 떨어졌다. 몬스터와 마법이 넘쳐나는 판타지 세계이지만 여기라고 식당을 못할 건 없잖아?그러나 전쟁으로 인해 이세계에 들어오자마자 군대에 끌려가게 되고, 15년간의 고생 끝에 드..",wed,1,wed,1,tue,wed,True,wed,수,tue,wed,10440189_wed,post_24h,어제 밤 10시 공개 이후 증가분 확인용 수집,853만,8530000.0,https://series.naver.com/comic/detail.series?productNo=10440189,20260701_194824,wed,수,2026-07-01 19:48:24,2026-07-01,19:48:24,2026-07-01 19:56:49,2026-07-01 19:56:51,2.26,2026-07-01 19:56:51,2026-07-01,19:56:51,2026-07-01 20:02:48,863.62,True,20260630_193542,2026-06-30 19:37:22,852.2만,8522000.0,8000.0,0.0009387467730579676,2026-07-01 19:56:51
wed,57,뽀대작렬,상하,820923,https://comic.naver.com/webtoon/list?titleId=820923&tab=wed,10674339,뽀대작렬,뽀대작렬 (총 123화/미완결),총 123화/미완결,123.0,미완결,,,https://series.naver.com/comic/detail.series?productNo=10674339,matched,ok,"뽀대작렬 (총 123화/미완결)
평점
10.0 | 상하 상하 | 2026.06.02. | 총123화/미완결 | 118화 무료
사랑하지 않는 시대꿈과 사랑은 커녕 계획도 사람도 없는 서른일곱 '김하영'그런 그녀가 20년 전 뽀대나게 사랑했던 열일곱 '김 선'으로 돌아간다.",wed,1,wed,1,tue,wed,True,wed,수,tue,wed,10674339_wed,post_24h,어제 밤 10시 공개 이후 증가분 확인용 수집,274.1만,2741000.0,https://series.naver.com/comic/detail.series?productNo=10674339,20260701_194824,wed,수,2026-07-01 19:48:24,2026-07-01,19:48:24,2026-07-01 19:56:52,2026-07-01 19:56:54,2.25,2026-07-01 19:56:54,2026-07-01,19:56:54,2026-07-01 20:02:48,863.62,True,20260630_193542,2026-06-30 19:37:25,273.6만,2736000.0,5000.0,0.001827485380116959,2026-07-01 19:56:54
wed,14,1등급 싸움과외,김태경,821321,https://comic.naver.com/webtoon/list?titleId=821321&tab=wed,10723981,1등급 싸움과외,1등급 싸움과외 (총 89화/미완결),총 89화/미완결,89.0,미완결,,,https://series.naver.com/comic/detail.series?productNo=10723981,matched,ok,"1등급 싸움과외 (총 89화/미완결)
평점
9.5 | 김태경 김태경 | 2026.06.02. | 총89화/미완결 | 86화 무료
찐따, 1등급 싸움 과외를 받다! 일진에게 괴롭힘 당하며 우울한 나날을 보내던 고등학생 김재혁. 공부는 잘하지만, 차라리 싸움을 더 잘하고 싶다.그러던 그에게 운명적으로 '싸움 과외 선생님'이 생기게 되는데!",wed,1,wed,1,tue,wed,True,wed,수,tue,wed,10723981_wed,post_24h,어제 밤 10시 공개 이후 증가분 확인용 수집,575.1만,5751000.0,https://series.naver.com/comic/detail.series?productNo=10723981,20260701_194824,wed,수,2026-07-01 19:48:24,2026-07-01,19:48:24,2026-07-01 19:56:56,2026-07-01 19:56:58,2.48,2026-07-01 19:56:58,2026-07-01,19:56:58,2026-07-01 20:02:48,863.62,True,20260630_193542,2026-06-30 19:37:29,574.4만,5744000.0,7000.0,0.0012186629526462396,2026-07-01 19:56:58
wed,81,여명의 등불,구크,822109,https://comic.naver.com/webtoon/list?titleId=822109&tab=wed,10806028,여명의 등불,여명의 등불 (총 97화/미완결),총 97화/미완결,97.0,미완결,,,https://series.naver.com/comic/detail.series?productNo=10806028,matched,ok,"여명의 등불 (총 97화/미완결)
평점
9.8 | 구크 구크 | 2026.06.02. | 총97화/미완결 | 94화 무료
‘태양의 제국’ 소속 전쟁 영웅 ‘버키’ 병장. 그는 황제를 향한 우직한 충심과 뛰어난 무예로 제국 병사들의 귀감이 되고 있지만,사실 그의 최종 목표는 제국을 몰락시켜 황제에게 복수하는 것이다.버키는 거대한 제국을 상..",wed,1,wed,1,tue,wed,True,wed,수,tue,wed,10806028_wed,post_24h,어제 밤 10시 공개 이후 증가분 확인용 수집,63.7만,637000.0,https://series.naver.com/comic/detail.series?productNo=10806028,20260701_194824,wed,수,2026-07-01 19:48:24,2026-07-01,19:48:24,2026-07-01 19:56:59,2026-07-01 19:57:02,2.76,2026-07-01 19:57:02,2026-07-01,19:57:02,2026-07-01 20:02:48,863.62,True,20260630_193542,2026-06-30 19:37:33,63.6만,636000.0,1000.0,0.0015723270440251573,2026-07-01 19:57:02
wed,11,사천당가의 검신급 소가주가 되었다,PSG,822862,https://comic.naver.com/webtoon/list?titleId=822862&tab=wed,10880776,사천당가의 검신급 소가주가 되었다,사천당가의 검신급 소가주가 되었다 (총 120화/미완결),총 120화/미완결,120.0,미완결,,,https://series.naver.com/comic/detail.series?productNo=10880776,matched,ok,"사천당가의 검신급 소가주가 되었다 (총 120화/미완결)
평점
9.6 | 화계, PSG 김종섭 | 2026.04.14. | 총120화/미완결 | 116화 무료
독과 암기의 명가였지만 지금은 몰락해버린 사천당가.그곳에서 태어난 당연명은 문득 검에 미쳐 살며검신의 경지에 이르렀던 전생을 각성한다.'이번 생은 평범하게 살고 싶다.'평범하게 살려면, 역시 검술 실력은 숨겨야겠지.그..",wed,1,wed,1,tue,wed,True,wed,수,tue,wed,10880776_wed,post_24h,어제 밤 10시 공개 이후 증가분 확인용 수집,943.9만,9439000.0,https://series.naver.com/comic/detail.series?productNo=10880776,20260701_194824,wed,수,2026-07-01 19:48:24,2026-07-01,19:48:24,2026-07-01 19:57:03,2026-07-01 19:57:05,2.0,2026-07-01 19:57:05,2026-07-01,19:57:05,2026-07-01 20:02:48,863.62,True,20260630_193542,2026-06-30 19:37:36,943.5만,9435000.0,4000.0,0.00042395336512983573,2026-07-01 19:57:05
wed,89,나태한 마왕은 신과 싸우기로 결심한다.,백창훈,826853,https://comic.naver.com/webtoon/list?titleId=826853&tab=wed,11270861,나태한 마왕은 신과 싸우기로 결심한다.,나태한 마왕은 신과 싸우기로 결심한다. (총 113화/미완결),총 113화/미완결,113.0,미완결,,,https://series.naver.com/comic/detail.series?productNo=11270861,matched,ok,"나태한 마왕은 신과 싸우기로 결심한다. (총 113화/미완결)
평점
9.7 | 백창훈 백창훈 | 2026.06.02. | 총113화/미완결 | 103화 무료
갑작스레 인간들의 성 '소돔'에 강림한 신들. 소돔 반대편에 있는 마왕을 데려오라는 말에 함께 인간들을 학살하기 시작한다.지옥도가 펼쳐진 상황에서 몰래 성을 뛰쳐나온 한 명의 기사는 마왕을 데리러 가게 된다.2024년 4월..",wed,1,wed,1,tue,wed,True,wed,수,tue,wed,11270861_wed,post_24h,어제 밤 10시 공개 이후 증가분 확인용 수집,51.5만,515000.0,https://series.naver.com/comic/detail.series?productNo=11270861,20260701_194824,wed,수,2026-07-01 19:48:24,2026-07-01,19:48:24,2026-07-01 19:57:07,2026-07-01 19:57:09,2.59,2026-07-01 19:57:09,2026-07-01,19:57:09,2026-07-01 20:02:48,863.62,True,20260630_193542,2026-06-30 19:37:40,51.4만,514000.0,1000.0,0.0019455252918287938,2026-07-01 19:57:09
wed,25,건곤불이기,박만사,829211,https://comic.naver.com/webtoon/list?titleId=829211&tab=wed,11479063,건곤불이기,건곤불이기 (총 78화/미완결),총 78화/미완결,78.0,미완결,,,https://series.naver.com/comic/detail.series?productNo=11479063,matched,ok,"건곤불이기 (총 78화/미완결)
평점
9.4 | 노경찬 형1978 | 2026.06.02. | 총78화/미완결 | 74화 무료
건곤불이기乾坤不異記[하늘과 땅의 이야기는 다르지 않다.]신검神劍과 마도魔刀강호를 호령하는 두 고수.그중 마도魔刀의 무가 평범한 아이였던 '반통미'에게 이어진다.그저 바보처럼 성실하고 근면하기만한 아버지에게 불만..",wed,1,wed,1,tue,wed,True,wed,수,tue,wed,11479063_wed,post_24h,어제 밤 10시 공개 이후 증가분 확인용 수집,75.7만,757000.0,https://series.naver.com/comic/detail.series?productNo=11479063,20260701_194824,wed,수,2026-07-01 19:48:24,2026-07-01,19:48:24,2026-07-01 19:57:11,2026-07-01 19:57:13,2.76,2026-07-01 19:57:13,2026-07-01,19:57:13,2026-07-01 20:02:48,863.62,True,20260630_193542,2026-06-30 19:37:44,75.5만,755000.0,2000.0,0.0026490066225165563,2026-07-01 19:57:13
wed,104,데드포인트,마요락,830004,https://comic.naver.com/webtoon/list?titleId=830004&tab=wed,11550118,데드포인트,데드포인트 (총 87화/미완결),총 87화/미완결,87.0,미완결,,,https://series.naver.com/comic/detail.series?productNo=11550118,matched,ok,"데드포인트 (총 87화/미완결)
평점
10.0 | 마요락 마요락 | 2026.06.02. | 총87화/미완결 | 82화 무료
손을 잡으면 타인의 '재능의 한계'를 엿볼 수 있는 소녀, 박호지. 어느 날 마주친 스포츠클라이머 '채아성'에게서 재능의 한계를 부숴버릴 가능성을 느낀다. 하지만 기대했던 올림픽 무대는 한계에 부딪힌 채아성이 처참하게 추..",wed,1,wed,1,tue,wed,True,wed,수,tue,wed,11550118_wed,post_24h,어제 밤 10시 공개 이후 증가분 확인용 수집,5.1만,51000.0,https://series.naver.com/comic/detail.series?productNo=11550118,20260701_194824,wed,수,2026-07-01 19:48:24,2026-07-01,19:48:24,2026-07-01 19:57:14,2026-07-01 19:57:17,2.67,2026-07-01 19:57:17,2026-07-01,19:57:17,2026-07-01 20:02:48,863.62,True,20260630_193542,2026-06-30 19:37:47,5.1만,51000.0,0.0,0.0,2026-07-01 19:57:17
wed,52,귀령,가나라,832095,https://comic.naver.com/webtoon/list?titleId=832095&tab=wed,11590455,귀령,귀령 (총 76화/미완결),총 76화/미완결,76.0,미완결,,,https://series.naver.com/comic/detail.series?productNo=11590455,matched,ok,"귀령 (총 76화/미완결)
평점
9.7 | 월하야담, 가나라 소희 | 2026.06.02. | 총76화/미완결 | 71화 무료
배꽃향기 가득한 지리산 자락의 작은 암자 세암당.남도 만신의 후예이자 천궁 선녀의 환생 하연은 금강저를 통해 영의 세계에 개입할 수 있는 청년, 건우를 만나 세상의 슬픔과 한을 풀고 악귀를 퇴치해 나간다.",wed,1,wed,1,tue,wed,True,wed,수,tue,wed,11590455_wed,post_24h,어제 밤 10시 공개 이후 증가분 확인용 수집,120.4만,1204000.0,https://series.naver.com/comic/detail.series?productNo=11590455,20260701_194824,wed,수,2026-07-01 19:48:24,2026-07-01,19:48:24,2026-07-01 19:57:19,2026-07-01 19:57:21,2.41,2026-07-01 19:57:21,2026-07-01,19:57:21,2026-07-01 20:02:48,863.62,True,20260630_193542,2026-06-30 19:37:50,120.3만,1203000.0,1000.0,0.0008312551953449709,2026-07-01 19:57:21
wed,28,내 분신이 거물이 되어간다,LICO,832667,https://comic.naver.com/webtoon/list?titleId=832667&tab=wed,11649634,내 분신이 거물이 되어간다,내 분신이 거물이 되어간다 (총 82화/미완결),총 82화/미완결,82.0,미완결,,,https://series.naver.com/comic/detail.series?productNo=11649634,matched,ok,"내 분신이 거물이 되어간다 (총 82화/미완결)
평점
9.9 | LICO 한사 | 2026.06.02. | 총82화/미완결 | 77화 무료
이능력자의 무차별 테러로 가족을 잃은 청년 ‘한성현’사고 후유증으로 은둔 생활을 전전하던 어느날본인 대신 분신을 움직이는 능력을 각성해버린다! ""뭣! 위험천만한 이세계는 분신을 보내서 사냥하고난 방구석에서 맘편..",wed,1,wed,1,tue,wed,True,wed,수,tue,wed,11649634_wed,post_24h,어제 밤 10시 공개 이후 증가분 확인용 수집,265.9만,2659000.0,https://series.naver.com/comic/detail.series?productNo=11649634,20260701_194824,wed,수,2026-07-01 19:48:24,2026-07-01,19:48:24,2026-07-01 19:57:22,2026-07-01 19:57:24,2.13,2026-07-01 19:57:24,2026-07-01,19:57:24,2026-07-01 20:02:48,863.62,True,20260630_193542,2026-06-30 19:37:54,265.5만,2655000.0,4000.0,0.0015065913370998117,2026-07-01 19:57:24
wed,83,전력고백,손차양,833248,https://comic.naver.com/webtoon/list?titleId=833248&tab=wed,11713297,전력고백,전력고백 (총 83화/미완결),총 83화/미완결,83.0,미완결,,,https://series.naver.com/comic/detail.series?productNo=11713297,matched,ok,"전력고백 (총 83화/미완결)
평점
9.6 | 손차양 냥지 | 2026.06.02. | 총83화/미완결 | 78화 무료
[연재 요일: 매주 수요일]사랑에 빠지면 짜릿하다는데… 그래도 이건 아니잖아! 짝사랑으로 인해 저주에 걸려버린 하리와 그 저주를 빌려달라는 유라.하리는 과연 짝남 정원에게 고백할 것인가? 아니면 짝사랑을 포기할 것인..",wed,1,wed,1,tue,wed,True,wed,수,tue,wed,11713297_wed,post_24h,어제 밤 10시 공개 이후 증가분 확인용 수집,76.4만,764000.0,https://series.naver.com/comic/detail.series?productNo=11713297,20260701_194824,wed,수,2026-07-01 19:48:24,2026-07-01,19:48:24,2026-07-01 19:57:26,2026-07-01 19:57:28,1.93,2026-07-01 19:57:28,2026-07-01,19:57:28,2026-07-01 20:02:48,863.62,True,20260630_193542,2026-06-30 19:37:57,76.4만,764000.0,0.0,0.0,2026-07-01 19:57:28
wed,10,썰:관계주의,,834033,https://comic.naver.com/webtoon/list?titleId=834033&tab=wed,11802777,썰:관계주의,썰:관계주의 (총 87화/미완결),총 87화/미완결,87.0,미완결,이삼 장버들,평점 10.0 | 이삼 장버들 | 2026.06.16. | 총87화/미완결 | 83화 무료,https://series.naver.com/comic/detail.series?productNo=11802777,review_needed,not_found,"썰:관계주의 (총 87화/미완결)
평점
10.0 | 이삼 장버들 | 2026.06.16. | 총87화/미완결 | 83화 무료
여러 상가가 들어서 있는 강남의 유명타워. 이야기는 유명타워의 한 피부과 안내 데스크 직원 강지영으로부터 시작된다. 동료이자 유부남 의사와 만남을 이어가던 지영은 그에게 또 다른 불륜 상대가 있음을 눈치 채는데 그 상..",wed,1,wed,1,tue,wed,True,wed,수,tue,wed,11802777_wed,post_24h,어제 밤 10시 공개 이후 증가분 확인용 수집,,,https://nid.naver.com/nidlogin.login?svctype=128&a_version=2&viewtype=1&url=http%3A%2F%2Fseries.naver.com%2Fcomic%2Fdetail.series%3FproductNo%3D11802777&surl=https%3A%2F%2Fseries.naver.com,20260701_194824,wed,수,2026-07-01 19:48:24,2026-07-01,19:48:24,2026-07-01 19:57:29,2026-07-01 19:57:46,16.66,2026-07-01 19:57:46,2026-07-01,19:57:46,2026-07-01 20:02:48,863.62,True,20260630_193542,2026-06-30 19:38:16,,,,,2026-07-01 19:57:46
wed,8,천마는 조용히 살고싶다,기제마,834502,https://comic.naver.com/webtoon/list?titleId=834502&tab=wed,11901008,천마는 조용히 살고싶다,천마는 조용히 살고싶다 (총 84화/미완결),총 84화/미완결,84.0,미완결,,,https://series.naver.com/comic/detail.series?productNo=11901008,matched,ok,"천마는 조용히 살고싶다 (총 84화/미완결)
평점
9.9 | 기제마, 김강현 슬우 | 2026.06.02. | 총84화/미완결 | 77화 무료
'다음 생에는 반대로 살아보고 싶구나...'오직 공포와 경외만이 전부였던 천마는죽음의 순간 '증혼마공'을 제대로 익힐 수 있는 실마리를 얻는다. '증혼마공'은 타인의 혼백을 탐하기만 하는 게 아니었다. 그렇게 천마는 언제 죽..",wed,1,wed,1,tue,wed,True,wed,수,tue,wed,11901008_wed,post_24h,어제 밤 10시 공개 이후 증가분 확인용 수집,504.4만,5044000.0,https://series.naver.com/comic/detail.series?productNo=11901008,20260701_194824,wed,수,2026-07-01 19:48:24,2026-07-01,19:48:24,2026-07-01 19:57:47,2026-07-01 19:57:50,2.55,2026-07-01 19:57:50,2026-07-01,19:57:50,2026-07-01 20:02:48,863.62,True,20260630_193542,2026-06-30 19:38:21,503.6만,5036000.0,8000.0,0.0015885623510722795,2026-07-01 19:57:50
wed,99,레베카의 기도,주은,834987,https://comic.naver.com/webtoon/list?titleId=834987&tab=wed,11985528,레베카의 기도,레베카의 기도 (총 81화/미완결),총 81화/미완결,81.0,미완결,,,https://series.naver.com/comic/detail.series?productNo=11985528,matched,ok,"레베카의 기도 (총 81화/미완결)
평점
9.9 | 주은 주은 | 2026.06.02. | 총81화/미완결 | 76화 무료
산업혁명의 시대, 영국 런던 구빈원 출신 레베카는 밑바닥 자신의 인생을 구원하기 위해 한 상속녀의 운명을 훔친다.",wed,1,wed,1,tue,wed,True,wed,수,tue,wed,11985528_wed,post_24h,어제 밤 10시 공개 이후 증가분 확인용 수집,21.6만,216000.0,https://series.naver.com/comic/detail.series?productNo=11985528,20260701_194824,wed,수,2026-07-01 19:48:24,2026-07-01,19:48:24,2026-07-01 19:57:51,2026-07-01 19:57:53,2.53,2026-07-01 19:57:53,2026-07-01,19:57:53,2026-07-01 20:02:48,863.62,True,20260630_193542,2026-06-30 19:38:25,21.5만,215000.0,1000.0,0.004651162790697674,2026-07-01 19:57:53
wed,33,천재는 평범하게 살기로 했더,비단가리비,835042,https://comic.naver.com/webtoon/list?titleId=835042&tab=wed,11999710,천재는 평범하게 살기로 했더,천재는 평범하게 살기로 했더 (총 64화/미완결),총 64화/미완결,64.0,미완결,,,https://series.naver.com/comic/detail.series?productNo=11999710,matched,ok,"천재는 평범하게 살기로 했더 (총 64화/미완결)
평점
10.0 | 비단가리비, 자손e 아티 | 2026.06.02. | 총64화/미완결 | 59화 무료
세간이 인정한 성공한 인생의 주인공, '손진혁.'하지만 정작 진혁은 그저 사랑하는 가족와 함께하는 평범한 삶을 살고 싶었을 뿐, 그러지 못한 현실에 쓸쓸하고 외로운 마음을 감출 수 없는데...어느 날, 사고로 눈을 뜨니 그토록 ..",wed,1,wed,1,tue,wed,True,wed,수,tue,wed,11999710_wed,post_24h,어제 밤 10시 공개 이후 증가분 확인용 수집,377.1만,3771000.0,https://series.naver.com/comic/detail.series?productNo=11999710,20260701_194824,wed,수,2026-07-01 19:48:24,2026-07-01,19:48:24,2026-07-01 19:57:54,2026-07-01 19:57:57,2.19,2026-07-01 19:57:57,2026-07-01,19:57:57,2026-07-01 20:02:48,863.62,True,20260630_193542,2026-06-30 19:38:29,376.2만,3762000.0,9000.0,0.0023923444976076554,2026-07-01 19:57:57
wed,46,결혼은 당신 형과,서각,835753,https://comic.naver.com/webtoon/list?titleId=835753&tab=wed,12112903,결혼은 당신 형과,결혼은 당신 형과 (총 74화/미완결),총 74화/미완결,74.0,미완결,,,https://series.naver.com/comic/detail.series?productNo=12112903,matched,ok,"결혼은 당신 형과 (총 74화/미완결)
평점
9.9 | 서각, 하윤미 정다혜 | 2026.06.03. | 총74화/미완결 | 70화 무료
미모의 아나운서, 재벌 3세... 모두가 부러워하는 인생을 살던 여진은 사실, 불행한 결혼 생활을 하고 있었다.절친한 후배와 바람이 난 남편은 그녀의 부모님 회사를 빼앗은 것도 모자라 살해까지 했던 것.이대로 끝인 줄 알았는..",wed,1,wed,1,tue,wed,True,wed,수,tue,wed,12112903_wed,post_24h,어제 밤 10시 공개 이후 증가분 확인용 수집,187.6만,1876000.0,https://series.naver.com/comic/detail.series?productNo=12112903,20260701_194824,wed,수,2026-07-01 19:48:24,2026-07-01,19:48:24,2026-07-01 19:57:58,2026-07-01 19:58:00,2.67,2026-07-01 19:58:00,2026-07-01,19:58:00,2026-07-01 20:02:48,863.62,True,20260630_193542,2026-06-30 19:38:32,187.4만,1874000.0,2000.0,0.0010672358591248667,2026-07-01 19:58:00
wed,41,신수 유치원,여눅,835762,https://comic.naver.com/webtoon/list?titleId=835762&tab=wed,12105370,신수 유치원,신수 유치원 (총 73화/미완결),총 73화/미완결,73.0,미완결,,,https://series.naver.com/comic/detail.series?productNo=12105370,matched,ok,"신수 유치원 (총 73화/미완결)
평점
9.8 | 글맛, 여눅 밈바 | 2026.06.02. | 총73화/미완결 | 66화 무료
하루하루 근근이 살아가던 소시민, 서민우.어릴 때 자신을 버리고 떠난 어머니의 유산을 물려받게 되는데,그 유산은 바로.“신수 유치원?”호랑이, 토끼, 고양이, 뱀, 거북이, 양까지 다양한 신수 아이들이 다니는 유치원이라니...",wed,1,wed,1,tue,wed,True,wed,수,tue,wed,12105370_wed,post_24h,어제 밤 10시 공개 이후 증가분 확인용 수집,228.6만,2286000.0,https://series.naver.com/comic/detail.series?productNo=12105370,20260701_194824,wed,수,2026-07-01 19:48:24,2026-07-01,19:48:24,2026-07-01 19:58:02,2026-07-01 19:58:04,2.16,2026-07-01 19:58:04,2026-07-01,19:58:04,2026-07-01 20:02:48,863.62,True,20260630_193542,2026-06-30 19:38:36,228.2만,2282000.0,4000.0,0.0017528483786152498,2026-07-01 19:58:04
wed,60,달마건,양영순,835801,https://comic.naver.com/webtoon/list?titleId=835801&tab=wed,12124910,달마건,달마건 (총 77화/미완결),총 77화/미완결,77.0,미완결,,,https://series.naver.com/comic/detail.series?productNo=12124910,matched,ok,"달마건 (총 77화/미완결)
평점
8.2 | 양영순 양영순 | 2026.06.02. | 총77화/미완결 | 72화 무료
마륜 시대, 태원국 십승지 중 하나인 무원은 어느 날 승지를 지키던 ‘대갈마륜’을 강탈당해 위기에 처한다.이를 되찾기 위해 무원 사군자는 회합을 열어 각 가문의 장자들로 구성된 회수팀을 꾸리는데, 그때 남무원 얼자인 ..",wed,1,wed,1,tue,wed,True,wed,수,tue,wed,12124910_wed,post_24h,어제 밤 10시 공개 이후 증가분 확인용 수집,33.7만,337000.0,https://series.naver.com/comic/detail.series?productNo=12124910,20260701_194824,wed,수,2026-07-01 19:48:24,2026-07-01,19:48:24,2026-07-01 19:58:05,2026-07-01 19:58:07,1.99,2026-07-01 19:58:07,2026-07-01,19:58:07,2026-07-01 20:02:48,863.62,True,20260630_193542,2026-06-30 19:38:41,33.6만,336000.0,1000.0,0.002976190476190476,2026-07-01 19:58:07
wed,31,첩자의 마교생활,DALGON,836382,https://comic.naver.com/webtoon/list?titleId=836382&tab=wed,12175030,첩자의 마교생활,첩자의 마교생활 (총 78화/미완결),총 78화/미완결,78.0,미완결,,,https://series.naver.com/comic/detail.series?productNo=12175030,matched,ok,"첩자의 마교생활 (총 78화/미완결)
평점
9.8 | 대은호 DALGON | 2026.06.02. | 총78화/미완결 | 71화 무료
[매주 수요일 연재]마교에 잠입한 무림맹의 첩자, 장이서.그에게 처음이자 마지막 임무가 하달됐다.그것은… 망나니로 유명한 칠공자 마오를 소교주로 만들라는 것!천재적인 무재를 지녔지만 체질의 한계를 지닌 장이서와 재..",wed,1,wed,1,tue,wed,True,wed,수,tue,wed,12175030_wed,post_24h,어제 밤 10시 공개 이후 증가분 확인용 수집,152.3만,1523000.0,https://series.naver.com/comic/detail.series?productNo=12175030,20260701_194824,wed,수,2026-07-01 19:48:24,2026-07-01,19:48:24,2026-07-01 19:58:08,2026-07-01 19:58:11,2.67,2026-07-01 19:58:11,2026-07-01,19:58:11,2026-07-01 20:02:48,863.62,True,20260630_193542,2026-06-30 19:38:44,151.9만,1519000.0,4000.0,0.0026333113890717576,2026-07-01 19:58:11
wed,95,연기깡패,예도,836685,https://comic.naver.com/webtoon/list?titleId=836685&tab=wed,12224438,연기깡패,연기깡패 (총 70화/미완결),총 70화/미완결,70.0,미완결,,,https://series.naver.com/comic/detail.series?productNo=12224438,matched,ok,"연기깡패 (총 70화/미완결)
평점
9.9 | 예도 예도 | 2026.05.26. | 총70화/미완결 | 66화 무료
한물 간 조폭 전문 배우 '태성'은 우연한 계기로(?) 진짜 조폭 '문길'과 처지가 바뀌게 된다. 무서운 형님들이 가득한 이 현장은 대본 없음. 컷 없음. NG 없음! 이곳에선 실수 한 번이 목숨값이다. 태성은 진짜 조폭들 사이에서 살..",wed,1,wed,1,tue,wed,True,wed,수,tue,wed,12224438_wed,post_24h,어제 밤 10시 공개 이후 증가분 확인용 수집,16.7만,167000.0,https://series.naver.com/comic/detail.series?productNo=12224438,20260701_194824,wed,수,2026-07-01 19:48:24,2026-07-01,19:48:24,2026-07-01 19:58:12,2026-07-01 19:58:14,2.32,2026-07-01 19:58:14,2026-07-01,19:58:14,2026-07-01 20:02:48,863.62,True,20260630_193542,2026-06-30 19:38:48,16.6만,166000.0,1000.0,0.006024096385542169,2026-07-01 19:58:14
wed,51,별과 사슬이 뜨는 섬,어패류메기,837100,https://comic.naver.com/webtoon/list?titleId=837100&tab=wed,12283968,별과 사슬이 뜨는 섬,별과 사슬이 뜨는 섬 (총 73화/미완결),총 73화/미완결,73.0,미완결,,,https://series.naver.com/comic/detail.series?productNo=12283968,matched,ok,"별과 사슬이 뜨는 섬 (총 73화/미완결)
평점
9.4 | 어패류메기 훌리 | 2026.06.02. | 총73화/미완결 | 66화 무료
헌터의 꿈을 가졌지만 재능은 없는 만년 지망생 ‘기승현’. 그런 그의 앞에 12년간 혼수상태에 빠져있던 누나 ‘기소현’이 깨어나게 된다. 누나의 기상과 함께, 정체되어 있던 운명의 수레바퀴가 돌아가기 시작한다.",wed,1,wed,1,tue,wed,True,wed,수,tue,wed,12283968_wed,post_24h,어제 밤 10시 공개 이후 증가분 확인용 수집,106만,1060000.0,https://series.naver.com/comic/detail.series?productNo=12283968,20260701_194824,wed,수,2026-07-01 19:48:24,2026-07-01,19:48:24,2026-07-01 19:58:15,2026-07-01 19:58:18,2.62,2026-07-01 19:58:18,2026-07-01,19:58:18,2026-07-01 20:02:48,863.62,True,20260630_193542,2026-06-30 19:38:52,105.4만,1054000.0,6000.0,0.0056925996204933585,2026-07-01 19:58:18
wed,42,모닥불 친구들,다롱다리,837439,https://comic.naver.com/webtoon/list?titleId=837439&tab=wed,12331312,모닥불 친구들,모닥불 친구들 (총 47화/미완결),총 47화/미완결,47.0,미완결,,,https://series.naver.com/comic/detail.series?productNo=12331312,matched,ok,"모닥불 친구들 (총 47화/미완결)
평점
9.5 | 다롱다리 다롱다리 | 2026.06.02. | 총47화/미완결 | 43화 무료
어느 날 추억의 애니메이션 '모닥불 친구들' 세상으로 쏙 들어가 버린 회사원 채수! 평화로운 숲속에서 귀여운 동물 친구들과 놀며 잃어버린 동심을 되찾아가는데.. 사실 그들의 친절에는 섬뜩한 비밀이 숨겨져 있다!? 귀엽지만..",wed,1,wed,1,tue,wed,True,wed,수,tue,wed,12331312_wed,post_24h,어제 밤 10시 공개 이후 증가분 확인용 수집,84.4만,844000.0,https://series.naver.com/comic/detail.series?productNo=12331312,20260701_194824,wed,수,2026-07-01 19:48:24,2026-07-01,19:48:24,2026-07-01 19:58:19,2026-07-01 19:58:20,1.83,2026-07-01 19:58:20,2026-07-01,19:58:20,2026-07-01 20:02:48,863.62,True,20260630_193542,2026-06-30 19:38:56,84만,840000.0,4000.0,0.004761904761904762,2026-07-01 19:58:20
wed,36,품위증명,적록,837455,https://comic.naver.com/webtoon/list?titleId=837455&tab=wed,12334555,품위증명,품위증명 (총 66화/미완결),총 66화/미완결,66.0,미완결,,,https://series.naver.com/comic/detail.series?productNo=12334555,matched,ok,"품위증명 (총 66화/미완결)
평점
10.0 | 적록 염밀 | 2026.05.19. | 총66화/미완결 | 62화 무료
불우한 환경에서도 탁월함을 타고난 건영.일류대 출신 판검사를 목표로 입학한 명문 고등학교에서는 자꾸만 건영의 품위를 위협하는 일이 생기는데⋯⋯.",wed,1,wed,1,tue,wed,True,wed,수,tue,wed,12334555_wed,post_24h,어제 밤 10시 공개 이후 증가분 확인용 수집,268.6만,2686000.0,https://series.naver.com/comic/detail.series?productNo=12334555,20260701_194824,wed,수,2026-07-01 19:48:24,2026-07-01,19:48:24,2026-07-01 19:58:22,2026-07-01 19:58:24,1.95,2026-07-01 19:58:24,2026-07-01,19:58:24,2026-07-01 20:02:48,863.62,True,20260630_193542,2026-06-30 19:39:00,268.6만,2686000.0,0.0,0.0,2026-07-01 19:58:24
wed,3,종말이 찾아왔다,전선욱,838002,https://comic.naver.com/webtoon/list?titleId=838002&tab=wed,12424386,종말이 찾아왔다,종말이 찾아왔다 (총 67화/미완결),총 67화/미완결,67.0,미완결,,,https://series.naver.com/comic/detail.series?productNo=12424386,matched,ok,"종말이 찾아왔다 (총 67화/미완결)
평점
9.4 | 전선욱 전선욱 | 2026.06.02. | 총67화/미완결 | 61화 무료
가난한 왕따 정민준과 금수저 인싸녀 한예나의 좀비생존기",wed,1,wed,1,tue,wed,True,wed,수,tue,wed,12424386_wed,post_24h,어제 밤 10시 공개 이후 증가분 확인용 수집,883.1만,8831000.0,https://series.naver.com/comic/detail.series?productNo=12424386,20260701_194824,wed,수,2026-07-01 19:48:24,2026-07-01,19:48:24,2026-07-01 19:58:25,2026-07-01 19:58:27,2.05,2026-07-01 19:58:27,2026-07-01,19:58:27,2026-07-01 20:02:48,863.62,True,20260630_193542,2026-06-30 19:39:04,880.5만,8805000.0,26000.0,0.0029528676888131745,2026-07-01 19:58:27
wed,39,당골,남승우,838215,https://comic.naver.com/webtoon/list?titleId=838215&tab=wed,12463968,당골,당골 (총 62화/미완결),총 62화/미완결,62.0,미완결,,,https://series.naver.com/comic/detail.series?productNo=12463968,matched,ok,"당골 (총 62화/미완결)
평점
10.0 | 남승우 김교 | 2026.06.02. | 총62화/미완결 | 57화 무료
영월당에 무당 “만신 김서령”무당 집안에 태어나 신줄을 거부하고 살아가는 의뢰인 “노승래”딸의 눈이 보이지 않는다는 의뢰를 받아 찾아간 서령, 무속신앙을믿지 않고 무시하는 승래의 태도에 서령은 의뢰를 받지 않고 ..",wed,1,wed,1,tue,wed,True,wed,수,tue,wed,12463968_wed,post_24h,어제 밤 10시 공개 이후 증가분 확인용 수집,205.9만,2059000.0,https://series.naver.com/comic/detail.series?productNo=12463968,20260701_194824,wed,수,2026-07-01 19:48:24,2026-07-01,19:48:24,2026-07-01 19:58:29,2026-07-01 19:58:30,1.72,2026-07-01 19:58:30,2026-07-01,19:58:30,2026-07-01 20:02:48,863.62,True,20260630_193542,2026-06-30 19:39:07,205.7만,2057000.0,2000.0,0.0009722897423432182,2026-07-01 19:58:30
wed,98,유사품에 주의하세요,초롱이,838943,https://comic.naver.com/webtoon/list?titleId=838943&tab=wed,12564185,유사품에 주의하세요,유사품에 주의하세요 (총 46화/미완결),총 46화/미완결,46.0,미완결,초롱이 초롱이,평점 10.0 | 초롱이 초롱이 | 2026.06.16. | 총46화/미완결 | 41화 무료,https://series.naver.com/comic/detail.series?productNo=12564185,matched,ok,"유사품에 주의하세요 (총 46화/미완결)
평점
10.0 | 초롱이 초롱이 | 2026.06.16. | 총46화/미완결 | 41화 무료
'국민 첫사랑'으로 거듭난아역 출신 배우 최유빈.최유빈 덕질이 삶의 낙이었던 가희는유빈의 충격적인 비밀을 알게 되며 절망에 빠진다.그런 가희 앞에 나타난 최유빈의 쌍둥이 형 최유진!가희는 아쉬운 대로 유진에게 접근하..",wed,1,wed,1,tue,wed,True,wed,수,tue,wed,12564185_wed,post_24h,어제 밤 10시 공개 이후 증가분 확인용 수집,10.1만,101000.0,https://series.naver.com/comic/detail.series?productNo=12564185,20260701_194824,wed,수,2026-07-01 19:48:24,2026-07-01,19:48:24,2026-07-01 19:58:32,2026-07-01 19:58:34,1.98,2026-07-01 19:58:34,2026-07-01,19:58:34,2026-07-01 20:02:48,863.62,True,20260630_193542,2026-06-30 19:39:11,10.1만,101000.0,0.0,0.0,2026-07-01 19:58:34
wed,24,밥먹고가라,차우민,838956,https://comic.naver.com/webtoon/list?titleId=838956&tab=wed,12565745,밥먹고가라,밥먹고가라 (총 60화/미완결),총 60화/미완결,60.0,미완결,,,https://series.naver.com/comic/detail.series?productNo=12565745,matched,ok,"밥먹고가라 (총 60화/미완결)
평점
10.0 | 차우민, 고두열 더 비숑 | 2026.06.03. | 총60화/미완결 | 56화 무료
마왕을 쓰러뜨린 사나이, 이제는 밥으로 세상을 치유한다.이세계에 소환되어 마왕과의 싸움 끝에, 마왕을 해치운 최강의 사나이 강철호.30년 만에 귀환해 돌아온 지구는 레이드의 시대.강철호는 반복되는 싸움에 지쳤고, 더 이..",wed,1,wed,1,tue,wed,True,wed,수,tue,wed,12565745_wed,post_24h,어제 밤 10시 공개 이후 증가분 확인용 수집,285.5만,2855000.0,https://series.naver.com/comic/detail.series?productNo=12565745,20260701_194824,wed,수,2026-07-01 19:48:24,2026-07-01,19:48:24,2026-07-01 19:58:35,2026-07-01 19:58:37,2.12,2026-07-01 19:58:37,2026-07-01,19:58:37,2026-07-01 20:02:48,863.62,True,20260630_193542,2026-06-30 19:39:15,284.7만,2847000.0,8000.0,0.0028099754127151387,2026-07-01 19:58:37
wed,97,어시스턴트,38,839587,https://comic.naver.com/webtoon/list?titleId=839587&tab=wed,12681115,어시스턴트,어시스턴트 (총 49화/미완결),총 49화/미완결,49.0,미완결,,,https://series.naver.com/comic/detail.series?productNo=12681115,matched,ok,"어시스턴트 (총 49화/미완결)
평점
10.0 | 38 38 | 2026.06.02. | 총49화/미완결 | 44화 무료
프리랜서 킬러(어시스턴트) 8년 차 주원새로운 어시 K와 만나면서 큰일에 휘말려든다",wed,1,wed,1,tue,wed,True,wed,수,tue,wed,12681115_wed,post_24h,어제 밤 10시 공개 이후 증가분 확인용 수집,10.5만,105000.0,https://series.naver.com/comic/detail.series?productNo=12681115,20260701_194824,wed,수,2026-07-01 19:48:24,2026-07-01,19:48:24,2026-07-01 19:58:38,2026-07-01 19:58:41,2.58,2026-07-01 19:58:41,2026-07-01,19:58:41,2026-07-01 20:02:48,863.62,True,20260630_193542,2026-06-30 19:39:19,10.5만,105000.0,0.0,0.0,2026-07-01 19:58:41
wed,20,방구석 재민이,뽈쟁이,839712,https://comic.naver.com/webtoon/list?titleId=839712&tab=wed,12688099,방구석 재민이,방구석 재민이 (총 56화/미완결),총 56화/미완결,56.0,미완결,,,https://series.naver.com/comic/detail.series?productNo=12688099,matched,ok,"방구석 재민이 (총 56화/미완결)
평점
9.9 | 뽈쟁이 뽈쟁이 | 2026.06.03. | 총56화/미완결 | 51화 무료
""게임 좀 작작하고 밖에 가서 좀 놀아라!""바깥보다 집 안이 더 편하고, 스포츠보다 게임이 더 즐거운 방구석 사람들,어디든 게임이랑 인터넷만 할 수 있다면 그것만으로도 족하다!오늘도 내 잔잔한 일상을 지키기 위해, 방구석..",wed,1,wed,1,tue,wed,True,wed,수,tue,wed,12688099_wed,post_24h,어제 밤 10시 공개 이후 증가분 확인용 수집,114.8만,1148000.0,https://series.naver.com/comic/detail.series?productNo=12688099,20260701_194824,wed,수,2026-07-01 19:48:24,2026-07-01,19:48:24,2026-07-01 19:58:42,2026-07-01 19:58:44,2.15,2026-07-01 19:58:44,2026-07-01,19:58:44,2026-07-01 20:02:48,863.62,True,20260630_193542,2026-06-30 19:39:23,114.6만,1146000.0,2000.0,0.0017452006980802793,2026-07-01 19:58:44
wed,92,뱀파이어의 연금술,달,840113,https://comic.naver.com/webtoon/list?titleId=840113&tab=wed,12741632,뱀파이어의 연금술,뱀파이어의 연금술 (총 53화/미완결),총 53화/미완결,53.0,미완결,,,https://series.naver.com/comic/detail.series?productNo=12741632,matched,ok,"뱀파이어의 연금술 (총 53화/미완결)
평점
9.9 | 달 심청 | 2026.06.02. | 총53화/미완결 | 49화 무료
뱀파이어와 연금술사의 기묘한 만남. 가문의 재건과 동생을 되찾으려는 두 주인공이 떠나는 조금 불편한(?) 모험일지.",wed,1,wed,1,tue,wed,True,wed,수,tue,wed,12741632_wed,post_24h,어제 밤 10시 공개 이후 증가분 확인용 수집,10.1만,101000.0,https://series.naver.com/comic/detail.series?productNo=12741632,20260701_194824,wed,수,2026-07-01 19:48:24,2026-07-01,19:48:24,2026-07-01 19:58:45,2026-07-01 19:58:47,2.71,2026-07-01 19:58:47,2026-07-01,19:58:47,2026-07-01 20:02:48,863.62,True,20260630_193542,2026-06-30 19:39:27,10.1만,101000.0,0.0,0.0,2026-07-01 19:58:47
wed,73,네 이웃을 사랑하라,하지,840540,https://comic.naver.com/webtoon/list?titleId=840540&tab=wed,12825094,네 이웃을 사랑하라,네 이웃을 사랑하라 (총 58화/미완결),총 58화/미완결,58.0,미완결,,,https://series.naver.com/comic/detail.series?productNo=12825094,matched,ok,"네 이웃을 사랑하라 (총 58화/미완결)
평점
9.4 | 하지 하지 | 2026.05.05. | 총58화/미완결 | 48화 무료
모든 게 완벽한 아파트 ‘테라리움’으로 이사 온 청년 신현우는 더없이 만족스러운 나날을 보내고 있었다. 바로 어제, 옥상에서 투신한 남자가 오늘 똑같은 시간에 또다시 투신하기 전까지는. 게다가 다른 모든 입주민들까지 ..",wed,1,wed,1,tue,wed,True,wed,수,tue,wed,12825094_wed,post_24h,어제 밤 10시 공개 이후 증가분 확인용 수집,48.4만,484000.0,https://series.naver.com/comic/detail.series?productNo=12825094,20260701_194824,wed,수,2026-07-01 19:48:24,2026-07-01,19:48:24,2026-07-01 19:58:49,2026-07-01 19:58:51,2.22,2026-07-01 19:58:51,2026-07-01,19:58:51,2026-07-01 20:02:48,863.62,True,20260630_193542,2026-06-30 19:39:30,48.3만,483000.0,1000.0,0.002070393374741201,2026-07-01 19:58:51
wed,45,당신의 가격을 알려드립니다,무비,840840,https://comic.naver.com/webtoon/list?titleId=840840&tab=wed,12880981,당신의 가격을 알려드립니다,당신의 가격을 알려드립니다 (총 51화/미완결),총 51화/미완결,51.0,미완결,,,https://series.naver.com/comic/detail.series?productNo=12880981,matched,ok,"당신의 가격을 알려드립니다 (총 51화/미완결)
평점
9.5 | 무비, 곽동주 두민 | 2026.06.02. | 총51화/미완결 | 47화 무료
「모든 인간에게 가격이 매겨지는 세상, ‘0원’이 되면... 죽는다!」 전 세계 사람들의 휴대폰에 인간의 가격을 매기는 바이러스 앱이 깔렸다. 평균 100만원대 이상은 달리는 보통의 사람들 사이에서 “2,500원”이란 헐값으..",wed,1,wed,1,tue,wed,True,wed,수,tue,wed,12880981_wed,post_24h,어제 밤 10시 공개 이후 증가분 확인용 수집,97.2만,972000.0,https://series.naver.com/comic/detail.series?productNo=12880981,20260701_194824,wed,수,2026-07-01 19:48:24,2026-07-01,19:48:24,2026-07-01 19:58:52,2026-07-01 19:58:55,2.73,2026-07-01 19:58:55,2026-07-01,19:58:55,2026-07-01 20:02:48,863.62,True,20260630_193542,2026-06-30 19:39:33,97.1만,971000.0,1000.0,0.0010298661174047373,2026-07-01 19:58:55
wed,94,양아치와 조폭아가씨,무등각,840949,https://comic.naver.com/webtoon/list?titleId=840949&tab=wed,12906912,양아치와 조폭아가씨,양아치와 조폭아가씨 (총 49화/미완결),총 49화/미완결,49.0,미완결,,,https://series.naver.com/comic/detail.series?productNo=12906912,matched,ok,"양아치와 조폭아가씨 (총 49화/미완결)
평점
10.0 | 무등각 무등각 | 2026.06.02. | 총49화/미완결 | 45화 무료
거칠고 험악한 양아치 장태호는 여름방학 첫 날 부모님의 계략(?)으로 시골집에 끌려가게 된다. 그곳에서 그를 기다리고 있던 건 다름 아닌 조폭아가씨 민주아!민주아는 당황한 장태호에게 총구를 겨누며 말하는데..""널 내 부하..",wed,1,wed,1,tue,wed,True,wed,수,tue,wed,12906912_wed,post_24h,어제 밤 10시 공개 이후 증가분 확인용 수집,17만,170000.0,https://series.naver.com/comic/detail.series?productNo=12906912,20260701_194824,wed,수,2026-07-01 19:48:24,2026-07-01,19:48:24,2026-07-01 19:58:57,2026-07-01 19:58:59,2.38,2026-07-01 19:58:59,2026-07-01,19:58:59,2026-07-01 20:02:48,863.62,True,20260630_193542,2026-06-30 19:39:36,17만,170000.0,0.0,0.0,2026-07-01 19:58:59
wed,90,마누의 딸들,신일숙,841087,https://comic.naver.com/webtoon/list?titleId=841087&tab=wed,12971220,마누의 딸들,마누의 딸들 (총 48화/미완결),총 48화/미완결,48.0,미완결,,,https://series.naver.com/comic/detail.series?productNo=12971220,matched,ok,"마누의 딸들 (총 48화/미완결)
평점
9.9 | 신일숙 신일숙 | 2026.06.02. | 총48화/미완결 | 43화 무료
<아르미안의 네 딸들>, 그 강력하고 신비로운 대서사시의 출발점영산 부족의 지도자 '마누'와 네 딸들의 이야기.큰강 부족의 후계자 '에셔'는 삼촌의 계략에 의해 죽을 뻔한 위기에 처했다가 영산 부족 마누의 딸 이와의 도움..",wed,1,wed,1,tue,wed,True,wed,수,tue,wed,12971220_wed,post_24h,어제 밤 10시 공개 이후 증가분 확인용 수집,27.2만,272000.0,https://series.naver.com/comic/detail.series?productNo=12971220,20260701_194824,wed,수,2026-07-01 19:48:24,2026-07-01,19:48:24,2026-07-01 19:59:01,2026-07-01 19:59:03,2.57,2026-07-01 19:59:03,2026-07-01,19:59:03,2026-07-01 20:02:48,863.62,True,20260630_193542,2026-06-30 19:39:40,27.1만,271000.0,1000.0,0.0036900369003690036,2026-07-01 19:59:03
wed,61,미아가 돌아왔다,귤다래,841491,https://comic.naver.com/webtoon/list?titleId=841491&tab=wed,12979924,미아가 돌아왔다,미아가 돌아왔다 (총 44화/미완결),총 44화/미완결,44.0,미완결,,,https://series.naver.com/comic/detail.series?productNo=12979924,matched,ok,"미아가 돌아왔다 (총 44화/미완결)
평점
9.9 | 귤다래 멈멈 | 2026.05.12. | 총44화/미완결 | 42화 무료
5년 전 사라졌던 첫사랑 '차미아'가 완전히 달라진 모습으로 내 앞에 나타났다.경찰서에서의 뜻밖의 재회, 근데 같은 대학교 신입생이라니?차갑게 선을 긋는 그녀, 애써 무심한 나.끝난 줄 알았던 두 사람의 이야기는 다시 캠퍼..",wed,1,wed,1,tue,wed,True,wed,수,tue,wed,12979924_wed,post_24h,어제 밤 10시 공개 이후 증가분 확인용 수집,152.6만,1526000.0,https://series.naver.com/comic/detail.series?productNo=12979924,20260701_194824,wed,수,2026-07-01 19:48:24,2026-07-01,19:48:24,2026-07-01 19:59:04,2026-07-01 19:59:07,2.62,2026-07-01 19:59:07,2026-07-01,19:59:07,2026-07-01 20:02:48,863.62,True,20260630_193542,2026-06-30 19:39:44,152.6만,1526000.0,0.0,0.0,2026-07-01 19:59:07
wed,27,중대장은 실망했다,이량,841639,https://comic.naver.com/webtoon/list?titleId=841639&tab=wed,13001011,중대장은 실망했다,중대장은 실망했다 (총 90화/미완결),총 90화/미완결,90.0,미완결,,,https://series.naver.com/comic/detail.series?productNo=13001011,matched,ok,"중대장은 실망했다 (총 90화/미완결)
평점
9.9 | 이량 이량 | 2026.06.05. | 총90화/미완결 | 80화 무료
마흔 살이 넘은 중대장은 멋진 모습을 보이고 싶지만요즘 애들, 요즘 군대는 왜 이렇게 변해버린 것일까!참으로.. 중대장은 실망했다!","wed,sat",2,"wed,sat",2,"tue,fri","wed,sat",True,wed,수,tue,wed,13001011_wed,post_24h,어제 밤 10시 공개 이후 증가분 확인용 수집,110만,1100000.0,https://series.naver.com/comic/detail.series?productNo=13001011,20260701_194824,wed,수,2026-07-01 19:48:24,2026-07-01,19:48:24,2026-07-01 19:59:08,2026-07-01 19:59:10,1.76,2026-07-01 19:59:10,2026-07-01,19:59:10,2026-07-01 20:02:48,863.62,True,20260630_193542,2026-06-30 19:39:46,109.8만,1098000.0,2000.0,0.0018214936247723133,2026-07-01 19:59:10
wed,105,1등을 위해,재른,841826,https://comic.naver.com/webtoon/list?titleId=841826&tab=wed,13013590,1등을 위해,1등을 위해 (총 47화/미완결),총 47화/미완결,47.0,미완결,,,https://series.naver.com/comic/detail.series?productNo=13013590,matched,ok,"1등을 위해 (총 47화/미완결)
평점
10.0 | 재른 재른 | 2026.06.02. | 총47화/미완결 | 42화 무료
전교 2등이라서 싫어, 전교 2등이라서 필요해!전교 1등 짝남이 내 험담을 하는 것을 들어버렸다? 그 이유는 내가 해맑은(얄미운) 전교 2등이라서!하지만 나는 네가 좋은걸? 성적은 우리 사이에 장벽이 될 수 없어!1등이랑 2등 ..",wed,1,wed,1,tue,wed,True,wed,수,tue,wed,13013590_wed,post_24h,어제 밤 10시 공개 이후 증가분 확인용 수집,2.1만,21000.0,https://series.naver.com/comic/detail.series?productNo=13013590,20260701_194824,wed,수,2026-07-01 19:48:24,2026-07-01,19:48:24,2026-07-01 19:59:12,2026-07-01 19:59:14,2.58,2026-07-01 19:59:14,2026-07-01,19:59:14,2026-07-01 20:02:48,863.62,True,20260630_193542,2026-06-30 19:39:50,2.1만,21000.0,0.0,0.0,2026-07-01 19:59:14
mon,68,오늘은 뭐하고 놀까?,햄김밥,842116,https://comic.naver.com/webtoon/list?titleId=842116&tab=mon,13041640,오늘은 뭐하고 놀까?,오늘은 뭐하고 놀까? (총 89화/미완결),총 89화/미완결,89.0,미완결,,,https://series.naver.com/comic/detail.series?productNo=13041640,matched,ok,"오늘은 뭐하고 놀까? (총 89화/미완결)
평점
10.0 | 햄김밥 | 2026.06.07. | 총89화/미완결 | 84화 무료
게임을 좋아하는 원숭이 ‘햄김밥’의 징글 귀염 게이머 공감 일상 개그툰! 오늘은 뭐하고 놀까?","mon,wed",2,"mon,wed",2,"sun,tue","mon,wed",True,wed,수,tue,wed,13041640_wed,post_24h,어제 밤 10시 공개 이후 증가분 확인용 수집,3.1만,31000.0,https://series.naver.com/comic/detail.series?productNo=13041640,20260701_194824,wed,수,2026-07-01 19:48:24,2026-07-01,19:48:24,2026-07-01 19:59:15,2026-07-01 19:59:18,2.7,2026-07-01 19:59:18,2026-07-01,19:59:18,2026-07-01 20:02:48,863.62,True,20260630_193542,2026-06-30 19:39:54,3.1만,31000.0,0.0,0.0,2026-07-01 19:59:18
wed,29,마교전선 비룡십삼대,신검일,842352,https://comic.naver.com/webtoon/list?titleId=842352&tab=wed,13063144,마교전선 비룡십삼대 [독점],마교전선 비룡십삼대 [독점] (총 43화/미완결),총 43화/미완결,43.0,미완결,,,https://series.naver.com/comic/detail.series?productNo=13063144,matched,ok,"마교전선 비룡십삼대 [독점] (총 43화/미완결)
평점
9.7 | 신검일,겨울반디 고굼마 | 2026.06.02. | 총43화/미완결 | 38화 무료
한때는 가문의 수치, 지금은 기억력 만렙 무공 사기캐?!죽었다 깨어나니 전선으로 회귀, 이번엔 진짜 돼지가 아니라고! ⓒ신검일,고굼마(원작:겨울반디)/학산문화사",wed,1,wed,1,tue,wed,True,wed,수,tue,wed,13063144_wed,post_24h,어제 밤 10시 공개 이후 증가분 확인용 수집,103.2만,1032000.0,https://series.naver.com/comic/detail.series?productNo=13063144,20260701_194824,wed,수,2026-07-01 19:48:24,2026-07-01,19:48:24,2026-07-01 19:59:20,2026-07-01 19:59:22,2.27,2026-07-01 19:59:22,2026-07-01,19:59:22,2026-07-01 20:02:48,863.62,True,20260630_193542,2026-06-30 19:39:58,103.1만,1031000.0,1000.0,0.0009699321047526673,2026-07-01 19:59:22
wed,40,해골전령 이야기,kain_y,842620,https://comic.naver.com/webtoon/list?titleId=842620&tab=wed,13095913,해골전령 이야기,해골전령 이야기 (총 42화/미완결),총 42화/미완결,42.0,미완결,,,https://series.naver.com/comic/detail.series?productNo=13095913,matched,ok,"해골전령 이야기 (총 42화/미완결)
평점
9.9 | kain_y 소라게 | 2026.06.02. | 총42화/미완결 | 38화 무료
황제가 죽고 120년, 다시 눈을 뜬 황제의 전령이자용사파티원이였던 벤리라.부패한 조국에게 사랑하던 제자를 잃고황제의 마지막 전언을 전하기로 결정한다.[나는 황제의 말을 전하는 전령, 초대황제의 뜻을 들어라.][제국에..",wed,1,wed,1,tue,wed,True,wed,수,tue,wed,13095913_wed,post_24h,어제 밤 10시 공개 이후 증가분 확인용 수집,124.9만,1249000.0,https://series.naver.com/comic/detail.series?productNo=13095913,20260701_194824,wed,수,2026-07-01 19:48:24,2026-07-01,19:48:24,2026-07-01 19:59:23,2026-07-01 19:59:25,1.87,2026-07-01 19:59:25,2026-07-01,19:59:25,2026-07-01 20:02:48,863.62,True,20260630_193542,2026-06-30 19:40:01,124.6만,1246000.0,3000.0,0.002407704654895666,2026-07-01 19:59:25
wed,67,레모네이드,혜루,842899,https://comic.naver.com/webtoon/list?titleId=842899&tab=wed,13156066,레모네이드,레모네이드 (총 41화/미완결),총 41화/미완결,41.0,미완결,,,https://series.naver.com/comic/detail.series?productNo=13156066,matched,ok,"레모네이드 (총 41화/미완결)
평점
10.0 | 혜루 혜루 | 2026.06.02. | 총41화/미완결 | 36화 무료
가족처럼 지낸 소꿉친구가 있었다.그 애와 나는 정말 ‘친구’인데 그 애의 첫 연애 소식을 듣고 무너져버렸다.나 사실 걔를 좋아하고 있었구나..!어떻게해서든 이 짝사랑을 끝내야 해!근데.. 그만 좋아하기가 왜 이렇게 힘든 거..",wed,1,wed,1,tue,wed,True,wed,수,tue,wed,13156066_wed,post_24h,어제 밤 10시 공개 이후 증가분 확인용 수집,73만,730000.0,https://series.naver.com/comic/detail.series?productNo=13156066,20260701_194824,wed,수,2026-07-01 19:48:24,2026-07-01,19:48:24,2026-07-01 19:59:27,2026-07-01 19:59:29,2.15,2026-07-01 19:59:29,2026-07-01,19:59:29,2026-07-01 20:02:48,863.62,True,20260630_193542,2026-06-30 19:40:04,72.5만,725000.0,5000.0,0.006896551724137931,2026-07-01 19:59:29
wed,101,S급 공무수행에 협조 부탁드립니다,마귀,843070,https://comic.naver.com/webtoon/list?titleId=843070&tab=wed,13084789,S급 공무수행에 협조 부탁드립니다,S급 공무수행에 협조 부탁드립니다 (총 40화/미완결),총 40화/미완결,40.0,미완결,,,https://series.naver.com/comic/detail.series?productNo=13084789,matched,ok,"S급 공무수행에 협조 부탁드립니다 (총 40화/미완결)
평점
10.0 | 마귀, 재겸 예림 | 2026.05.12. | 총40화/미완결 | 37화 무료
10년째 E급 헌터로 살고 있는 하라 앞에 나타난 S급 헌터 각성 퀘스트전국민이 사랑하는 앵커 윤세헌과 연애하기!!문제는 그가 하라의 과거 큰 흑역사에 얽힌 인물이라는 것!하지만 S급 헌터라는 달콤한 내용에 그에게 계약 ..",wed,1,wed,1,tue,wed,True,wed,수,tue,wed,13084789_wed,post_24h,어제 밤 10시 공개 이후 증가분 확인용 수집,14.5만,145000.0,https://series.naver.com/comic/detail.series?productNo=13084789,20260701_194824,wed,수,2026-07-01 19:48:24,2026-07-01,19:48:24,2026-07-01 19:59:30,2026-07-01 19:59:32,2.43,2026-07-01 19:59:32,2026-07-01,19:59:32,2026-07-01 20:02:48,863.62,True,20260630_193542,2026-06-30 19:40:08,14.4만,144000.0,1000.0,0.006944444444444444,2026-07-01 19:59:32
wed,106,포비든 플레저,탐포포에이키,843209,https://comic.naver.com/webtoon/list?titleId=843209&tab=wed,13204074,포비든 플레저,포비든 플레저 (총 43화/미완결),총 43화/미완결,43.0,미완결,,,https://series.naver.com/comic/detail.series?productNo=13204074,matched,ok,"포비든 플레저 (총 43화/미완결)
평점
9.8 | 탐포포에이키 탐포포에이키 | 2026.06.02. | 총43화/미완결 | 38화 무료
완벽한 사랑을 쫓는 '크리시'는 그녀를 끊임없이 챙겨주는 남자 '료'에게 매력을 느낀다. 그러나 그녀는 이 완벽한 남자가 위험한 비밀을 숨기고 있다는 것을 깨닫게 되는데..",wed,1,wed,1,tue,wed,True,wed,수,tue,wed,13204074_wed,post_24h,어제 밤 10시 공개 이후 증가분 확인용 수집,1.3만,13000.0,https://series.naver.com/comic/detail.series?productNo=13204074,20260701_194824,wed,수,2026-07-01 19:48:24,2026-07-01,19:48:24,2026-07-01 19:59:33,2026-07-01 19:59:36,2.47,2026-07-01 19:59:36,2026-07-01,19:59:36,2026-07-01 20:02:48,863.62,True,20260630_193542,2026-06-30 19:40:11,1.3만,13000.0,0.0,0.0,2026-07-01 19:59:36
wed,102,낙화의별,MOOHAK,843318,https://comic.naver.com/webtoon/list?titleId=843318&tab=wed,13226515,낙화의별,낙화의별 (총 41화/미완결),총 41화/미완결,41.0,미완결,,,https://series.naver.com/comic/detail.series?productNo=13226515,matched,ok,"낙화의별 (총 41화/미완결)
평점
10.0 | MOOHAK MOOHAK | 2026.06.02. | 총41화/미완결 | 36화 무료
낙화하는 인류의 '별'을 쫓아 삶의 여정을 걸어가는 한 연인의 여행기. 전쟁의 끝을 위해 인류가 고안해낸 미래를 위한 위성 '마더' 그러나 인간의 욕망은 '마더'를 스스로 자멸시켰다.마더의 메시지를 전달하던 AI '스피커'[스..",wed,1,wed,1,tue,wed,True,wed,수,tue,wed,13226515_wed,post_24h,어제 밤 10시 공개 이후 증가분 확인용 수집,2.5만,25000.0,https://series.naver.com/comic/detail.series?productNo=13226515,20260701_194824,wed,수,2026-07-01 19:48:24,2026-07-01,19:48:24,2026-07-01 19:59:37,2026-07-01 19:59:39,2.18,2026-07-01 19:59:39,2026-07-01,19:59:39,2026-07-01 20:02:48,863.62,True,20260630_193542,2026-06-30 19:40:15,2.5만,25000.0,0.0,0.0,2026-07-01 19:59:39
mon,64,아가씨는 못말려,김연우,843869,https://comic.naver.com/webtoon/list?titleId=843869&tab=mon,13262427,아가씨는 못말려,아가씨는 못말려 (총 70화/미완결),총 70화/미완결,70.0,미완결,,,https://series.naver.com/comic/detail.series?productNo=13262427,matched,ok,"아가씨는 못말려 (총 70화/미완결)
평점
10.0 | 김연우 김연우 | 2026.06.07. | 총70화/미완결 | 65화 무료
짝사랑 중인 같은 반 남학생이 알고 보니 집사 카페 집사?!그의 마음을 얻기 위한 방고운의 당도 999%의 디저트와 고군분투! 달콤한 디저트와 풋풋한 사랑이 어우러진 로맨틱 코미디","mon,wed",2,"mon,wed",2,"sun,tue","mon,wed",True,wed,수,tue,wed,13262427_wed,post_24h,어제 밤 10시 공개 이후 증가분 확인용 수집,16.3만,163000.0,https://series.naver.com/comic/detail.series?productNo=13262427,20260701_194824,wed,수,2026-07-01 19:48:24,2026-07-01,19:48:24,2026-07-01 19:59:41,2026-07-01 19:59:42,1.73,2026-07-01 19:59:42,2026-07-01,19:59:42,2026-07-01 20:02:48,863.62,True,20260630_193542,2026-06-30 19:40:18,16.2만,162000.0,1000.0,0.006172839506172839,2026-07-01 19:59:42
wed,63,완전무결한 공작님께,솔트,843888,https://comic.naver.com/webtoon/list?titleId=843888&tab=wed,13256840,완전무결한 공작님께,완전무결한 공작님께 (총 37화/미완결),총 37화/미완결,37.0,미완결,,,https://series.naver.com/comic/detail.series?productNo=13256840,matched,ok,"완전무결한 공작님께 (총 37화/미완결)
평점
9.9 | 이현성, 솔트 진 | 2026.05.26. | 총37화/미완결 | 33화 무료
광증 걸린 에디스.레이놀즈 후작가 사람들에 의해 어머니를 잃은 에디스는 미친 여자로 몰린다.복수를 꿈꾸지만, 힘 없는 그녀에게 기회가 생겼다,모든 면에서 완벽하다고 소문난 셋째 왕자, 마이어스 공작과의 결혼.서로를 이..",wed,1,wed,1,tue,wed,True,wed,수,tue,wed,13256840_wed,post_24h,어제 밤 10시 공개 이후 증가분 확인용 수집,65.9만,659000.0,https://series.naver.com/comic/detail.series?productNo=13256840,20260701_194824,wed,수,2026-07-01 19:48:24,2026-07-01,19:48:24,2026-07-01 19:59:44,2026-07-01 19:59:46,2.08,2026-07-01 19:59:46,2026-07-01,19:59:46,2026-07-01 20:02:48,863.62,True,20260630_193542,2026-06-30 19:40:22,65.8만,658000.0,1000.0,0.001519756838905775,2026-07-01 19:59:46
wed,103,털썩...너에게 반해버렸달까?,후야,844559,https://comic.naver.com/webtoon/list?titleId=844559&tab=wed,13354270,털썩...너에게 반해버렸달까?,털썩...너에게 반해버렸달까? (총 34화/미완결),총 34화/미완결,34.0,미완결,,,https://series.naver.com/comic/detail.series?productNo=13354270,matched,ok,"털썩...너에게 반해버렸달까? (총 34화/미완결)
평점
10.0 | 후야 후야 | 2026.06.02. | 총34화/미완결 | 29화 무료
학교 인기남 '우빈', 사실 그는 애니메이션 <러브러브미>의 주인공 ‘요이’의 덕후다. 그는 같은 반 '아윤'을 처음 본 순간 '요이'와 닮은 외모를 가진 그녀에게 첫눈에 반하게 되는데.... 오타쿠라는 정체를 밝히기 싫은 인기남 ..",wed,1,wed,1,tue,wed,True,wed,수,tue,wed,13354270_wed,post_24h,어제 밤 10시 공개 이후 증가분 확인용 수집,7.6만,76000.0,https://series.naver.com/comic/detail.series?productNo=13354270,20260701_194824,wed,수,2026-07-01 19:48:24,2026-07-01,19:48:24,2026-07-01 19:59:47,2026-07-01 19:59:50,2.14,2026-07-01 19:59:50,2026-07-01,19:59:50,2026-07-01 20:02:48,863.62,True,20260630_193542,2026-06-30 19:40:25,7.6만,76000.0,0.0,0.0,2026-07-01 19:59:50
wed,37,끝장,,844588,https://comic.naver.com/webtoon/list?titleId=844588&tab=wed,6039213,떨어지면 끝장,떨어지면 끝장 (총 70화/완결),총 70화/완결,70.0,완결,Keiko Suenobu Keiko Suenobu,평점 9.7 | Keiko Suenobu Keiko Suenobu | 2024.04.12. | 총70화/완결 | 3화 무료,https://series.naver.com/comic/detail.series?productNo=6039213,matched,ok,"떨어지면 끝장 (총 70화/완결)
평점
9.7 | Keiko Suenobu Keiko Suenobu | 2024.04.12. | 총70화/완결 | 3화 무료
“떨어지면 끝장이야.”그토록 바라던 신축 초고층 아파트에 입주하게 된 주부 아스미.같은 아파트에 거주하며 아이들 유치원도 같은 세 명의 맘 친구가 생긴다.행복 가득한 새로운 생활이 펼쳐지리라 기대했지만, 어떤 인물과..",wed,1,wed,1,tue,wed,True,wed,수,tue,wed,6039213_wed,post_24h,어제 밤 10시 공개 이후 증가분 확인용 수집,3.9만,39000.0,https://series.naver.com/comic/detail.series?productNo=6039213,20260701_194824,wed,수,2026-07-01 19:48:24,2026-07-01,19:48:24,2026-07-01 19:59:51,2026-07-01 19:59:52,1.92,2026-07-01 19:59:52,2026-07-01,19:59:52,2026-07-01 20:02:48,863.62,True,20260630_193542,2026-06-30 19:40:29,3.9만,39000.0,0.0,0.0,2026-07-01 19:59:52
wed,71,냥냥찍찍!,꾀돌이,844952,https://comic.naver.com/webtoon/list?titleId=844952&tab=wed,13397735,냥냥찍찍!,냥냥찍찍! (총 61화/미완결),총 61화/미완결,61.0,미완결,,,https://series.naver.com/comic/detail.series?productNo=13397735,matched,ok,"냥냥찍찍! (총 61화/미완결)
평점
10.0 | 꾀돌이 | 2026.06.05. | 총61화/미완결 | 55화 무료
햄스터로 변하는 여자 금해미, 고양이로 변하는 남자 고우영.저주를 풀기 위해선 스킨십을 해야 한다?!고양이와 햄스터의 아찔한 코믹 풀충전 캠퍼스 로맨스!","wed,sat",2,"wed,sat",2,"tue,fri","wed,sat",True,wed,수,tue,wed,13397735_wed,post_24h,어제 밤 10시 공개 이후 증가분 확인용 수집,35.3만,353000.0,https://series.naver.com/comic/detail.series?productNo=13397735,20260701_194824,wed,수,2026-07-01 19:48:24,2026-07-01,19:48:24,2026-07-01 19:59:54,2026-07-01 19:59:56,1.83,2026-07-01 19:59:56,2026-07-01,19:59:56,2026-07-01 20:02:48,863.62,True,20260630_193542,2026-06-30 19:40:32,35.2만,352000.0,1000.0,0.002840909090909091,2026-07-01 19:59:56
wed,87,홀아비,강승훈,845154,https://comic.naver.com/webtoon/list?titleId=845154&tab=wed,13428223,홀아비,홀아비 (총 31화/미완결),총 31화/미완결,31.0,미완결,,,https://series.naver.com/comic/detail.series?productNo=13428223,matched,ok,"홀아비 (총 31화/미완결)
평점
9.0 | 강승훈 강승훈 | 2026.06.03. | 총31화/미완결 | 27화 무료
좀비로 뒤덮인 세상, 산속 작은 오두막이 세상의 전부였던 나비는 납치당해 10년 만에 밖으로 나가게 되고, 아빠 태수는 나비를 구하기 위해 산을 내려가게 된다.",wed,1,wed,1,tue,wed,True,wed,수,tue,wed,13428223_wed,post_24h,어제 밤 10시 공개 이후 증가분 확인용 수집,13.6만,136000.0,https://series.naver.com/comic/detail.series?productNo=13428223,20260701_194824,wed,수,2026-07-01 19:48:24,2026-07-01,19:48:24,2026-07-01 19:59:57,2026-07-01 19:59:59,1.98,2026-07-01 19:59:59,2026-07-01,19:59:59,2026-07-01 20:02:48,863.62,True,20260630_193542,2026-06-30 19:40:36,13.6만,136000.0,0.0,0.0,2026-07-01 19:59:59
wed,91,아리엘 그리기,안민희,845174,https://comic.naver.com/webtoon/list?titleId=845174&tab=wed,13437035,아리엘 그리기,아리엘 그리기 (총 30화/미완결),총 30화/미완결,30.0,미완결,,,https://series.naver.com/comic/detail.series?productNo=13437035,matched,ok,"아리엘 그리기 (총 30화/미완결)
평점
10.0 | 안민희 안민희 | 2026.05.27. | 총30화/미완결 | 27화 무료
동남아의 한 섬으로 여행을 떠난 서진은 다이빙 호스텔에서 일하는 보조 강사 아리엘에게 첫눈에 반한다. 그러나 의심스러운 사건들과 소문, 베일에 싸인 아리엘의 과거가 그를 불안하게 만든다. 설렘은 점차 공포로 변하고, 그..",wed,1,wed,1,tue,wed,True,wed,수,tue,wed,13437035_wed,post_24h,어제 밤 10시 공개 이후 증가분 확인용 수집,4.4만,44000.0,https://series.naver.com/comic/detail.series?productNo=13437035,20260701_194824,wed,수,2026-07-01 19:48:24,2026-07-01,19:48:24,2026-07-01 20:00:00,2026-07-01 20:00:03,2.64,2026-07-01 20:00:03,2026-07-01,20:00:03,2026-07-01 20:02:48,863.62,True,20260630_193542,2026-06-30 19:40:40,4.4만,44000.0,0.0,0.0,2026-07-01 20:00:03
wed,72,귀여WAR,이난,845456,https://comic.naver.com/webtoon/list?titleId=845456&tab=wed,13479653,귀여WAR,귀여WAR (총 31화/미완결),총 31화/미완결,31.0,미완결,,,https://series.naver.com/comic/detail.series?productNo=13479653,matched,ok,"귀여WAR (총 31화/미완결)
평점
9.7 | 이난 따비 | 2026.06.02. | 총31화/미완결 | 26화 무료
주의 그들의 눈을 똑바로 응시하지 마세요. 공격을 망설이지 마세요. 우리의 적은 귀여우니까.어느 날 지구에 나타난 귀여운 모습의 괴생물체. 그 외모에 방심하는 사이 인류의 모든 문명은 파괴되었다.파괴된 세상에서 살아..",wed,1,wed,1,tue,wed,True,wed,수,tue,wed,13479653_wed,post_24h,어제 밤 10시 공개 이후 증가분 확인용 수집,43.5만,435000.0,https://series.naver.com/comic/detail.series?productNo=13479653,20260701_194824,wed,수,2026-07-01 19:48:24,2026-07-01,19:48:24,2026-07-01 20:00:04,2026-07-01 20:00:06,2.19,2026-07-01 20:00:06,2026-07-01,20:00:06,2026-07-01 20:02:48,863.62,True,20260630_193542,2026-06-30 19:40:45,43.5만,435000.0,0.0,0.0,2026-07-01 20:00:06
wed,64,함부로 길들이지 마시오!,해마,845656,https://comic.naver.com/webtoon/list?titleId=845656&tab=wed,13480066,함부로 길들이지 마시오!,함부로 길들이지 마시오! (총 29화/미완결),총 29화/미완결,29.0,미완결,,,https://series.naver.com/comic/detail.series?productNo=13480066,matched,ok,"함부로 길들이지 마시오! (총 29화/미완결)
평점
10.0 | 해마 담수 | 2026.06.02. | 총29화/미완결 | 24화 무료
결벽증. 공감결여. 접촉공포. 인간을 싫어하는 천재 여자 외과의 이레네 리오스.모두가 칭송하는 디보아 왕국 3왕자, 따분한 삶에 권태를 느끼는 북부의 대공. 디에고 카시스.서로 흥미로운, 서로의 상식에서 벗어나는 두 사람..",wed,1,wed,1,tue,wed,True,wed,수,tue,wed,13480066_wed,post_24h,어제 밤 10시 공개 이후 증가분 확인용 수집,58.5만,585000.0,https://series.naver.com/comic/detail.series?productNo=13480066,20260701_194824,wed,수,2026-07-01 19:48:24,2026-07-01,19:48:24,2026-07-01 20:00:07,2026-07-01 20:00:10,2.46,2026-07-01 20:00:10,2026-07-01,20:00:10,2026-07-01 20:02:48,863.62,True,20260630_193542,2026-06-30 19:40:48,58.1만,581000.0,4000.0,0.0068846815834767644,2026-07-01 20:00:10
wed,56,게임에서 남자를 만나지 마세요,부메랑 마스터,845675,https://comic.naver.com/webtoon/list?titleId=845675&tab=wed,13503704,게임에서 남자를 만나지 마세요,게임에서 남자를 만나지 마세요 (총 29화/미완결),총 29화/미완결,29.0,미완결,,,https://series.naver.com/comic/detail.series?productNo=13503704,matched,ok,"게임에서 남자를 만나지 마세요 (총 29화/미완결)
평점
9.9 | 부메랑 마스터 | 2026.06.02. | 총29화/미완결 | 24화 무료
차가운 현실에서 도망쳐 온라인 게임 '얼티밋 아르카디아' 를 시작하게 된 '민지'.얼떨결에 가입한 길드의 멤버들은 현실의 그 누구보다도 친절하고,민지는 난생처음 받아보는 뜨거운 관심이 그저 좋기만 하다.게임을 통해 유대..",wed,1,wed,1,tue,wed,True,wed,수,tue,wed,13503704_wed,post_24h,어제 밤 10시 공개 이후 증가분 확인용 수집,57만,570000.0,https://series.naver.com/comic/detail.series?productNo=13503704,20260701_194824,wed,수,2026-07-01 19:48:24,2026-07-01,19:48:24,2026-07-01 20:00:11,2026-07-01 20:00:14,2.51,2026-07-01 20:00:14,2026-07-01,20:00:14,2026-07-01 20:02:48,863.62,True,20260630_193542,2026-06-30 19:40:51,56.5만,565000.0,5000.0,0.008849557522123894,2026-07-01 20:00:14
wed,53,로열패밀리,옥한돌,845917,https://comic.naver.com/webtoon/list?titleId=845917&tab=wed,13540242,로열패밀리,로열패밀리 (총 30화/미완결),총 30화/미완결,30.0,미완결,,,https://series.naver.com/comic/detail.series?productNo=13540242,matched,ok,"로열패밀리 (총 30화/미완결)
평점
9.8 | 옥한돌, MAJOR 옥한돌 | 2026.06.02. | 총30화/미완결 | 24화 무료
연 매출 350조의 대한민국 최대의 기업, '태성'.맨손으로 제국을 일궈낸 '강욱' 회장의 후계 싸움이 한창인 태성에 안하무인 그 자체인 신입사원 '서지혁'이 등장한다.그러나 그의 정체는 의문의 죽음을 맞은 장남의 아들, 강지..",wed,1,wed,1,tue,wed,True,wed,수,tue,wed,13540242_wed,post_24h,어제 밤 10시 공개 이후 증가분 확인용 수집,39만,390000.0,https://series.naver.com/comic/detail.series?productNo=13540242,20260701_194824,wed,수,2026-07-01 19:48:24,2026-07-01,19:48:24,2026-07-01 20:00:16,2026-07-01 20:00:18,2.19,2026-07-01 20:00:18,2026-07-01,20:00:18,2026-07-01 20:02:48,863.62,True,20260630_193542,2026-06-30 19:40:55,38.9만,389000.0,1000.0,0.002570694087403599,2026-07-01 20:00:18
wed,16,유쾌한 신,,846053,https://comic.naver.com/webtoon/list?titleId=846053&tab=wed,57402,당신의 유쾌한 주말,당신의 유쾌한 주말 (총 19화/미완결),총 19화/미완결,19.0,미완결,김수영 김수영,평점 9.4 | 김수영 김수영 | 2010.04.20. | 총19화/미완결,https://series.naver.com/comic/detail.series?productNo=57402,matched,ok,"당신의 유쾌한 주말 (총 19화/미완결)
평점
9.4 | 김수영 김수영 | 2010.04.20. | 총19화/미완결
화창한 토욜 인형을 잔뜩 가지고 나온 남자는 오는 손님 쫓고 가는 손님은 거들 떠 보지도 않는다. 사실 이 남자는 인형 만들기에 빠져 연재가 짤린 만화가였으니...","wed,sun",2,"wed,sun",2,"tue,sat","wed,sun",True,wed,수,tue,wed,57402_wed,post_24h,어제 밤 10시 공개 이후 증가분 확인용 수집,3.8천,3800.0,https://series.naver.com/comic/detail.series?productNo=57402,20260701_194824,wed,수,2026-07-01 19:48:24,2026-07-01,19:48:24,2026-07-01 20:00:19,2026-07-01 20:00:21,2.22,2026-07-01 20:00:21,2026-07-01,20:00:21,2026-07-01 20:02:48,863.62,True,20260630_193542,2026-06-30 19:40:59,3.8천,3800.0,0.0,0.0,2026-07-01 20:00:21
wed,35,표절의혹,,846106,https://comic.naver.com/webtoon/list?titleId=846106&tab=wed,13575121,표절의혹,표절의혹 (총 29화/미완결),총 29화/미완결,29.0,미완결,김칸비 황영찬,평점 9.4 | 김칸비 황영찬 | 2026.06.16. | 총29화/미완결 | 24화 무료,https://series.naver.com/comic/detail.series?productNo=13575121,review_needed,not_found,"표절의혹 (총 29화/미완결)
평점
9.4 | 김칸비 황영찬 | 2026.06.16. | 총29화/미완결 | 24화 무료
살인사건 피해자들의 시신을 예술품처럼 사고파는 인간성을 잃은 자들, 그리고 그런 예술 살인을 저지르는 ‘자학’이라는 연쇄살인마가 세간의 화제가 되고 있다. 한 예술가는 이 상황에 분노해 자학을 추적하기 시작하는데.....",wed,1,wed,1,tue,wed,True,wed,수,tue,wed,13575121_wed,post_24h,어제 밤 10시 공개 이후 증가분 확인용 수집,,,https://nid.naver.com/nidlogin.login?svctype=128&a_version=2&viewtype=1&url=http%3A%2F%2Fseries.naver.com%2Fcomic%2Fdetail.series%3FproductNo%3D13575121&surl=https%3A%2F%2Fseries.naver.com,20260701_194824,wed,수,2026-07-01 19:48:24,2026-07-01,19:48:24,2026-07-01 20:00:23,2026-07-01 20:00:38,15.2,2026-07-01 20:00:38,2026-07-01,20:00:38,2026-07-01 20:02:48,863.62,True,20260630_193542,2026-06-30 19:41:16,,,,,2026-07-01 20:00:38
wed,12,싸이코패스 in 무림,,846109,https://comic.naver.com/webtoon/list?titleId=846109&tab=wed,13566546,싸이코패스 in 무림[독점],싸이코패스 in 무림[독점] (총 32화/미완결),총 32화/미완결,32.0,미완결,"김언, 곤붕 송범규","평점 9.8 | 김언, 곤붕 송범규 | 2026.06.16. | 총32화/미완결 | 26화 무료",https://series.naver.com/comic/detail.series?productNo=13566546,review_needed,not_found,"싸이코패스 in 무림[독점] (총 32화/미완결)
평점
9.8 | 김언, 곤붕 송범규 | 2026.06.16. | 총32화/미완결 | 26화 무료
[진정한 강자들의 세상, 무림 온라인에 오신 걸 환영합니다.]무림에 떨어진 희대의 싸이코패스.음모와 악의가 가득한 무림에 동봉수, 그의 무정한 이빨이 드리운다.",wed,1,wed,1,tue,wed,True,wed,수,tue,wed,13566546_wed,post_24h,어제 밤 10시 공개 이후 증가분 확인용 수집,,,https://nid.naver.com/nidlogin.login?svctype=128&a_version=2&viewtype=1&url=http%3A%2F%2Fseries.naver.com%2Fcomic%2Fdetail.series%3FproductNo%3D13566546&surl=https%3A%2F%2Fseries.naver.com,20260701_194824,wed,수,2026-07-01 19:48:24,2026-07-01,19:48:24,2026-07-01 20:00:40,2026-07-01 20:00:54,14.51,2026-07-01 20:00:54,2026-07-01,20:00:54,2026-07-01 20:02:48,863.62,True,20260630_193542,2026-06-30 19:41:31,,,,,2026-07-01 20:00:54
wed,47,탐:공포단편,,846556,https://comic.naver.com/webtoon/list?titleId=846556&tab=wed,13584339,탐:공포단편,탐:공포단편 (총 53화/미완결),총 53화/미완결,53.0,미완결,주폴 공,평점 9.1 | 주폴 공 | 2026.06.09. | 총53화/미완결 | 47화 무료,https://series.naver.com/comic/detail.series?productNo=13584339,review_needed,not_found,"탐:공포단편 (총 53화/미완결)
평점
9.1 | 주폴 공 | 2026.06.09. | 총53화/미완결 | 47화 무료
탐은 안에서 자란다. 그리고 언젠가는 얼굴을 드러낸다. 당신이 고른 그 이야기 속에는 무엇이 기다릴까?","wed,sat",2,"wed,sat",2,"tue,fri","wed,sat",True,wed,수,tue,wed,13584339_wed,post_24h,어제 밤 10시 공개 이후 증가분 확인용 수집,,,https://nid.naver.com/nidlogin.login?svctype=128&a_version=2&viewtype=1&url=http%3A%2F%2Fseries.naver.com%2Fcomic%2Fdetail.series%3FproductNo%3D13584339&surl=https%3A%2F%2Fseries.naver.com,20260701_194824,wed,수,2026-07-01 19:48:24,2026-07-01,19:48:24,2026-07-01 20:00:55,2026-07-01 20:01:10,14.54,2026-07-01 20:01:10,2026-07-01,20:01:10,2026-07-01 20:02:48,863.62,True,20260630_193542,2026-06-30 19:41:46,,,,,2026-07-01 20:01:10
wed,75,검은머리 기사왕,나인,846824,https://comic.naver.com/webtoon/list?titleId=846824&tab=wed,13638885,검은머리 기사왕,검은머리 기사왕 (총 24화/미완결),총 24화/미완결,24.0,미완결,,,https://series.naver.com/comic/detail.series?productNo=13638885,matched,ok,"검은머리 기사왕 (총 24화/미완결)
평점
9.5 | 미스터쿼카, 나인 현진 | 2026.06.02. | 총24화/미완결 | 19화 무료
오크와 엘프 사이, 멸종의 길에 선 인간.인간의 시대는 끝난 줄 알았다.다음 왕을 육성하라는 사명을 받은 기사왕의 종자로서검은머리 소녀를 만나기 전까지는.그는 인간의 시대를 되찾기 위해, 마지막으로 검을 든다.검은머리 ..",wed,1,wed,1,tue,wed,True,wed,수,tue,wed,13638885_wed,post_24h,어제 밤 10시 공개 이후 증가분 확인용 수집,9.6만,96000.0,https://series.naver.com/comic/detail.series?productNo=13638885,20260701_194824,wed,수,2026-07-01 19:48:24,2026-07-01,19:48:24,2026-07-01 20:01:11,2026-07-01 20:01:14,3.38,2026-07-01 20:01:14,2026-07-01,20:01:14,2026-07-01 20:02:48,863.62,True,20260630_193542,2026-06-30 19:41:51,9.6만,96000.0,0.0,0.0,2026-07-01 20:01:14
wed,6,쪽팔려게임,봉수,847135,https://comic.naver.com/webtoon/list?titleId=847135&tab=wed,13661331,쪽팔려게임,쪽팔려게임 (총 25화/미완결),총 25화/미완결,25.0,미완결,,,https://series.naver.com/comic/detail.series?productNo=13661331,matched,ok,"쪽팔려게임 (총 25화/미완결)
평점
10.0 | 봉수 다이 | 2026.06.02. | 총25화/미완결 | 20화 무료
고등학교 2학년 유사랑은 반에서 묘한 취급을 받는다. 같은 반 친구들의 쪽팔려게임에서 놀이에 껴있지도 않은 유사랑이 자꾸 벌칙의 대상이 된다. 반 친구들도 유사랑의 인격이 어딘가 어긋나 있는 걸 어렴풋이 느끼기 때문이..",wed,1,wed,1,tue,wed,True,wed,수,tue,wed,13661331_wed,post_24h,어제 밤 10시 공개 이후 증가분 확인용 수집,271.8만,2718000.0,https://series.naver.com/comic/detail.series?productNo=13661331,20260701_194824,wed,수,2026-07-01 19:48:24,2026-07-01,19:48:24,2026-07-01 20:01:15,2026-07-01 20:01:17,1.89,2026-07-01 20:01:17,2026-07-01,20:01:17,2026-07-01 20:02:48,863.62,True,20260630_193542,2026-06-30 19:41:55,267.3만,2673000.0,45000.0,0.016835016835016835,2026-07-01 20:01:17
wed,66,"양아치, 순애합니다",서난,847748,https://comic.naver.com/webtoon/list?titleId=847748&tab=wed,13725734,"양아치, 순애합니다","양아치, 순애합니다 (총 23화/미완결)",총 23화/미완결,23.0,미완결,,,https://series.naver.com/comic/detail.series?productNo=13725734,matched,ok,"양아치, 순애합니다 (총 23화/미완결)
평점
9.9 | 서난 | 2026.06.02. | 총23화/미완결 | 18화 무료
의대에 들어가길 꿈꾸던 모범생 유진은 고등학교 때 잠깐의 연애로 페이스를 망쳐 입시를 망쳤다. 반수하던 중, 양아치 전남친 준하가 다시 눈앞에 나타난다. 또 한 번 입시를 방해하려는 걸까? 아니면 정말 미련일까? 서로 너..",wed,1,wed,1,tue,wed,True,wed,수,tue,wed,13725734_wed,post_24h,어제 밤 10시 공개 이후 증가분 확인용 수집,42.5만,425000.0,https://series.naver.com/comic/detail.series?productNo=13725734,20260701_194824,wed,수,2026-07-01 19:48:24,2026-07-01,19:48:24,2026-07-01 20:01:18,2026-07-01 20:01:21,2.43,2026-07-01 20:01:21,2026-07-01,20:01:21,2026-07-01 20:02:48,863.62,True,20260630_193542,2026-06-30 19:41:58,42.2만,422000.0,3000.0,0.0071090047393364926,2026-07-01 20:01:21
wed,100,향기로운 계약관계,토랑,847910,https://comic.naver.com/webtoon/list?titleId=847910&tab=wed,13750649,향기로운 계약관계,향기로운 계약관계 (총 24화/미완결),총 24화/미완결,24.0,미완결,토랑 토랑,평점 10.0 | 토랑 토랑 | 2026.06.16. | 총24화/미완결 | 19화 무료,https://series.naver.com/comic/detail.series?productNo=13750649,matched,ok,"향기로운 계약관계 (총 24화/미완결)
평점
10.0 | 토랑 토랑 | 2026.06.16. | 총24화/미완결 | 19화 무료
“우리 계약해요!”오로지 향기 하나만 바라보며 살아온 향수 회사 CEO 정리안.차 사고 이후 이유 모를 후각 상실에 시달리며 그녀의 모든 일상이 멈춘다. 그런데 길에서 우연히 마주친 남자 ‘한도윤’ 에게서만 향기가 느껴..",wed,1,wed,1,tue,wed,True,wed,수,tue,wed,13750649_wed,post_24h,어제 밤 10시 공개 이후 증가분 확인용 수집,2.5만,25000.0,https://series.naver.com/comic/detail.series?productNo=13750649,20260701_194824,wed,수,2026-07-01 19:48:24,2026-07-01,19:48:24,2026-07-01 20:01:22,2026-07-01 20:01:24,1.74,2026-07-01 20:01:24,2026-07-01,20:01:24,2026-07-01 20:02:48,863.62,True,20260630_193542,2026-06-30 19:42:01,2.5만,25000.0,0.0,0.0,2026-07-01 20:01:24
wed,107,우리애 대한,차미슬,848028,https://comic.naver.com/webtoon/list?titleId=848028&tab=wed,13758005,우리애 대한,우리애 대한 (총 21화/미완결),총 21화/미완결,21.0,미완결,,,https://series.naver.com/comic/detail.series?productNo=13758005,matched,ok,"우리애 대한 (총 21화/미완결)
평점
10.0 | 차미슬 차미슬 | 2026.06.02. | 총21화/미완결 | 16화 무료
절대군주제가 유지된 21세기 대한제국.황태자 부부가 살해 당한 이후, 황실은 황녀의 존재를 철저히 숨겼다.그리고 13년 뒤, 평범한 고등학생 ‘현우’ 앞에 나타나 스스로를 황녀라고 주장하는 전학생 ‘도영'.도영은 정말 황..",wed,1,wed,1,tue,wed,True,wed,수,tue,wed,13758005_wed,post_24h,어제 밤 10시 공개 이후 증가분 확인용 수집,5천,5000.0,https://series.naver.com/comic/detail.series?productNo=13758005,20260701_194824,wed,수,2026-07-01 19:48:24,2026-07-01,19:48:24,2026-07-01 20:01:25,2026-07-01 20:01:26,1.74,2026-07-01 20:01:26,2026-07-01,20:01:26,2026-07-01 20:02:48,863.62,True,20260630_193542,2026-06-30 19:42:06,5천,5000.0,0.0,0.0,2026-07-01 20:01:26
wed,82,댄서,영일보이,848316,https://comic.naver.com/webtoon/list?titleId=848316&tab=wed,13855014,댄서,댄서 (총 19화/미완결),총 19화/미완결,19.0,미완결,,,https://series.naver.com/comic/detail.series?productNo=13855014,matched,ok,"댄서 (총 19화/미완결)
평점
9.8 | 영일보이 영일보이 | 2026.06.02. | 총19화/미완결 | 14화 무료
'코트 위에서 춤을 추기 시작했다'중학리그 MVP 였던 유준은 아버지가 범죄자라는 사실이 알려지며 범죄자의 아들로 낙인이 찍힌다. 범죄자의 아들로서 받았던 자신에 대한 조롱, 비난과 평가들이 전부 틀렸단 걸 보여주기 ..",wed,1,wed,1,tue,wed,True,wed,수,tue,wed,13855014_wed,post_24h,어제 밤 10시 공개 이후 증가분 확인용 수집,24만,240000.0,https://series.naver.com/comic/detail.series?productNo=13855014,20260701_194824,wed,수,2026-07-01 19:48:24,2026-07-01,19:48:24,2026-07-01 20:01:27,2026-07-01 20:01:30,2.3,2026-07-01 20:01:30,2026-07-01,20:01:30,2026-07-01 20:02:48,863.62,True,20260630_193542,2026-06-30 19:42:09,23.8만,238000.0,2000.0,0.008403361344537815,2026-07-01 20:01:30
wed,80,레몬나무숲,해소금,848317,https://comic.naver.com/webtoon/list?titleId=848317&tab=wed,13787029,레몬나무숲,레몬나무숲 (총 18화/미완결),총 18화/미완결,18.0,미완결,,,https://series.naver.com/comic/detail.series?productNo=13787029,matched,ok,"레몬나무숲 (총 18화/미완결)
평점
9.8 | 해소금 해소금 | 2026.06.02. | 총18화/미완결 | 14화 무료
[막이 오른다.][기쁜 일이 있는 듯 환하게 웃는 한 사람이 무대로 뛰어오른다.][눈을 맞추며]'사랑해.''당신이 이 세상에서 가장 비참해졌으면 좋겠어.'",wed,1,wed,1,tue,wed,True,wed,수,tue,wed,13787029_wed,post_24h,어제 밤 10시 공개 이후 증가분 확인용 수집,28.1만,281000.0,https://series.naver.com/comic/detail.series?productNo=13787029,20260701_194824,wed,수,2026-07-01 19:48:24,2026-07-01,19:48:24,2026-07-01 20:01:31,2026-07-01 20:01:33,2.68,2026-07-01 20:01:33,2026-07-01,20:01:33,2026-07-01 20:02:48,863.62,True,20260630_193542,2026-06-30 19:42:13,27.9만,279000.0,2000.0,0.007168458781362007,2026-07-01 20:01:33
wed,85,철릉고등학교,분발맨,848318,https://comic.naver.com/webtoon/list?titleId=848318&tab=wed,13787030,철릉고등학교,철릉고등학교 (총 20화/미완결),총 20화/미완결,20.0,미완결,,,https://series.naver.com/comic/detail.series?productNo=13787030,matched,ok,"철릉고등학교 (총 20화/미완결)
평점
10.0 | 분발맨 분발맨 | 2026.06.02. | 총20화/미완결 | 15화 무료
두발규제가 삼엄하다못해 철통같은 철릉고등학교.두발규정을 어기는 순간 교사들의 바리깡이 춤을 춘다.이런 억압 속에서, 머리가 막장으로 긴 문제아 ‘전학생’과 바리깡이 통하지 않는 ‘권기수’는 교칙을 바꾸고 자유를 ..",wed,1,wed,1,tue,wed,True,wed,수,tue,wed,13787030_wed,post_24h,어제 밤 10시 공개 이후 증가분 확인용 수집,9.8만,98000.0,https://series.naver.com/comic/detail.series?productNo=13787030,20260701_194824,wed,수,2026-07-01 19:48:24,2026-07-01,19:48:24,2026-07-01 20:01:35,2026-07-01 20:01:37,2.36,2026-07-01 20:01:37,2026-07-01,20:01:37,2026-07-01 20:02:48,863.62,True,20260630_193542,2026-06-30 19:42:16,9.8만,98000.0,0.0,0.0,2026-07-01 20:01:37
wed,88,카르텔,박수봉,849144,https://comic.naver.com/webtoon/list?titleId=849144&tab=wed,13928167,카르텔,카르텔 (총 17화/미완결),총 17화/미완결,17.0,미완결,,,https://series.naver.com/comic/detail.series?productNo=13928167,matched,ok,"카르텔 (총 17화/미완결)
평점
9.8 | 김장훈, 박수봉 진작 | 2026.06.02. | 총17화/미완결 | 12화 무료
가장 낙후된 동네에 혼자 남게된 소년, 원도윤. 재능은 있었지만 세상은 그를 끌어내렸다. 거대 조직이 쥐고 흔드는 세상에서는 위로 오를수록 더 깊이 빠진다는 것을 깨닫는다. 원도윤은 끝내 선택한다. 정상 대신 나락을. 그리..",wed,1,wed,1,tue,wed,True,wed,수,tue,wed,13928167_wed,post_24h,어제 밤 10시 공개 이후 증가분 확인용 수집,12.3만,123000.0,https://series.naver.com/comic/detail.series?productNo=13928167,20260701_194824,wed,수,2026-07-01 19:48:24,2026-07-01,19:48:24,2026-07-01 20:01:38,2026-07-01 20:01:41,2.6,2026-07-01 20:01:41,2026-07-01,20:01:41,2026-07-01 20:02:48,863.62,True,20260630_193542,2026-06-30 19:42:20,12.3만,123000.0,0.0,0.0,2026-07-01 20:01:41
wed,93,스톤에이지,JA,849283,https://comic.naver.com/webtoon/list?titleId=849283&tab=wed,13939883,스톤에이지,스톤에이지 (총 17화/미완결),총 17화/미완결,17.0,미완결,,,https://series.naver.com/comic/detail.series?productNo=13939883,matched,ok,"스톤에이지 (총 17화/미완결)
평점
10.0 | JA | 2026.06.02. | 총17화/미완결 | 12화 무료
추락의 방아쇠를 당기는 이 게임에 휘말려 버린 건 언제부터였을까. 범접 불가의 천재 소년, 그에게 이상한 일들이 벌어지기 시작한다.",wed,1,wed,1,tue,wed,True,wed,수,tue,wed,13939883_wed,post_24h,어제 밤 10시 공개 이후 증가분 확인용 수집,3.5만,35000.0,https://series.naver.com/comic/detail.series?productNo=13939883,20260701_194824,wed,수,2026-07-01 19:48:24,2026-07-01,19:48:24,2026-07-01 20:01:42,2026-07-01 20:01:45,2.5,2026-07-01 20:01:45,2026-07-01,20:01:45,2026-07-01 20:02:48,863.62,True,20260630_193542,2026-06-30 19:42:24,3.4만,34000.0,1000.0,0.029411764705882353,2026-07-01 20:01:45
wed,23,공작님의 아이만 필요합니다,라뇽,849451,https://comic.naver.com/webtoon/list?titleId=849451&tab=wed,13936024,공작님의 아이만 필요합니다 [독점],공작님의 아이만 필요합니다 [독점] (총 14화/미완결),총 14화/미완결,14.0,미완결,,,https://series.naver.com/comic/detail.series?productNo=13936024,matched,ok,"공작님의 아이만 필요합니다 [독점] (총 14화/미완결)
평점
10.0 | 백단, 라뇽 Roal | 2026.06.02. | 총14화/미완결 | 9화 무료
[매주 수요일 연재]‘과거로 돌아갈 수 있다면, 그 사람을 사랑하지 않을 텐데.’회귀 후, 전남편과의 두 번째 결혼은 오직 아이를 위해서였다.그렇게 기적처럼 얻은 두 번째 생은 사랑을 갈구하던 전생과 달리오로지 아이를 다..",wed,1,wed,1,tue,wed,True,wed,수,tue,wed,13936024_wed,post_24h,어제 밤 10시 공개 이후 증가분 확인용 수집,140.6만,1406000.0,https://series.naver.com/comic/detail.series?productNo=13936024,20260701_194824,wed,수,2026-07-01 19:48:24,2026-07-01,19:48:24,2026-07-01 20:01:46,2026-07-01 20:01:49,2.6,2026-07-01 20:01:49,2026-07-01,20:01:49,2026-07-01 20:02:48,863.62,True,20260630_193542,2026-06-30 19:42:28,139.1만,1391000.0,15000.0,0.010783608914450037,2026-07-01 20:01:49
wed,69,완벽한 선배의 Hide!,두지,849742,https://comic.naver.com/webtoon/list?titleId=849742&tab=wed,14024755,완벽한 선배의 Hide!,완벽한 선배의 Hide! (총 12화/미완결),총 12화/미완결,12.0,미완결,,,https://series.naver.com/comic/detail.series?productNo=14024755,matched,ok,"완벽한 선배의 Hide! (총 12화/미완결)
평점
9.9 | 두지 두지 | 2026.06.02. | 총12화/미완결 | 7화 무료
모두에게 다정하고 친절한 엄친아 과탑 태혁 선배.그러나 그 엄친아의 껍데기 속에는 미친 또라이 지랄남이 숨겨져 있다?학과 동기들 중 유일하게 그 남자의 비밀을 알고 있는 여자.그리고 그 여자에게 점점 더 집착하는 또라..",wed,1,wed,1,tue,wed,True,wed,수,tue,wed,14024755_wed,post_24h,어제 밤 10시 공개 이후 증가분 확인용 수집,23.3만,233000.0,https://series.naver.com/comic/detail.series?productNo=14024755,20260701_194824,wed,수,2026-07-01 19:48:24,2026-07-01,19:48:24,2026-07-01 20:01:50,2026-07-01 20:01:53,2.55,2026-07-01 20:01:53,2026-07-01,20:01:53,2026-07-01 20:02:48,863.62,True,20260630_193542,2026-06-30 19:42:31,22.8만,228000.0,5000.0,0.021929824561403508,2026-07-01 20:01:53
wed,84,비인간서사,호밀밭,849747,https://comic.naver.com/webtoon/list?titleId=849747&tab=wed,14025252,비인간서사,비인간서사 (총 12화/미완결),총 12화/미완결,12.0,미완결,,,https://series.naver.com/comic/detail.series?productNo=14025252,matched,ok,"비인간서사 (총 12화/미완결)
평점
10.0 | 호밀밭 호밀밭 | 2026.06.02. | 총12화/미완결 | 7화 무료
2055년 서울. 문명은 상승하고 개인은 추락한다.청년 하늘은 엄마의 수술 비용을 갚으며 살아간다.어느 날, 운명이 그를 찾아왔다.",wed,1,wed,1,tue,wed,True,wed,수,tue,wed,14025252_wed,post_24h,어제 밤 10시 공개 이후 증가분 확인용 수집,4.5만,45000.0,https://series.naver.com/comic/detail.series?productNo=14025252,20260701_194824,wed,수,2026-07-01 19:48:24,2026-07-01,19:48:24,2026-07-01 20:01:54,2026-07-01 20:01:56,1.8,2026-07-01 20:01:56,2026-07-01,20:01:56,2026-07-01 20:02:48,863.62,True,20260630_193542,2026-06-30 19:42:34,4.5만,45000.0,0.0,0.0,2026-07-01 20:01:56
wed,26,싸움배달,하우진,850079,https://comic.naver.com/webtoon/list?titleId=850079&tab=wed,14082849,싸움배달,싸움배달 (총 9화/미완결),총 9화/미완결,9.0,미완결,,,https://series.naver.com/comic/detail.series?productNo=14082849,matched,ok,"싸움배달 (총 9화/미완결)
평점
9.9 | 하우진 박창근 | 2026.06.02. | 총9화/미완결 | 5화 무료
배달이요~라이더 2년차, 싸움배달 전문 고등학생 이상.어느날 거액의 의뢰를 제안을 받는데,오너가 심상치 않다...",wed,1,wed,1,tue,wed,True,wed,수,tue,wed,14082849_wed,post_24h,어제 밤 10시 공개 이후 증가분 확인용 수집,30.4만,304000.0,https://series.naver.com/comic/detail.series?productNo=14082849,20260701_194824,wed,수,2026-07-01 19:48:24,2026-07-01,19:48:24,2026-07-01 20:01:57,2026-07-01 20:01:59,2.29,2026-07-01 20:01:59,2026-07-01,20:01:59,2026-07-01 20:02:48,863.62,True,20260630_193542,2026-06-30 19:42:37,30.1만,301000.0,3000.0,0.009966777408637873,2026-07-01 20:01:59
wed,78,일곱 번째 의뢰인,,850210,https://comic.naver.com/webtoon/list?titleId=850210&tab=wed,14102285,일곱 번째 의뢰인,일곱 번째 의뢰인 (총 14화/미완결),총 14화/미완결,14.0,미완결,함영서 함영서,평점 10.0 | 함영서 함영서 | 2026.06.16. | 총14화/미완결 | 9화 무료,https://series.naver.com/comic/detail.series?productNo=14102285,review_needed,not_found,"일곱 번째 의뢰인 (총 14화/미완결)
평점
10.0 | 함영서 함영서 | 2026.06.16. | 총14화/미완결 | 9화 무료
어린 탐정 맥스는 아무도 주목하지 않는 도박 업자의 죽음을 조사하라는 의뢰를 받는다. 의뢰인이 용의자로 지목한 도박 업자의 아내 제인. 맥스는 그녀를 향한 의심과 이끌림 사이에서 갈등하는데. 제인은 결백한가, 살인자인..",wed,1,wed,1,tue,wed,True,wed,수,tue,wed,14102285_wed,post_24h,어제 밤 10시 공개 이후 증가분 확인용 수집,,,https://nid.naver.com/nidlogin.login?svctype=128&a_version=2&viewtype=1&url=http%3A%2F%2Fseries.naver.com%2Fcomic%2Fdetail.series%3FproductNo%3D14102285&surl=https%3A%2F%2Fseries.naver.com,20260701_194824,wed,수,2026-07-01 19:48:24,2026-07-01,19:48:24,2026-07-01 20:02:00,2026-07-01 20:02:15,14.72,2026-07-01 20:02:15,2026-07-01,20:02:15,2026-07-01 20:02:48,863.62,True,20260630_193542,2026-06-30 19:42:54,,,,,2026-07-01 20:02:15
wed,38,좋아하면 멍청해진다,뀌옥,850214,https://comic.naver.com/webtoon/list?titleId=850214&tab=wed,14103441,좋아하면 멍청해진다,좋아하면 멍청해진다 (총 9화/미완결),총 9화/미완결,9.0,미완결,,,https://series.naver.com/comic/detail.series?productNo=14103441,matched,ok,"좋아하면 멍청해진다 (총 9화/미완결)
평점
10.0 | 뀌옥 뀌옥 | 2026.06.02. | 총9화/미완결 | 4화 무료
차갑고 시크한 철벽녀 세린과 평범한 대학생 진형. 남들 앞에선 멀쩡한 두 사람이지만 함께 있으면 바보가 된다.",wed,1,wed,1,tue,wed,True,wed,수,tue,wed,14103441_wed,post_24h,어제 밤 10시 공개 이후 증가분 확인용 수집,39.6만,396000.0,https://series.naver.com/comic/detail.series?productNo=14103441,20260701_194824,wed,수,2026-07-01 19:48:24,2026-07-01,19:48:24,2026-07-01 20:02:17,2026-07-01 20:02:20,3.04,2026-07-01 20:02:20,2026-07-01,20:02:20,2026-07-01 20:02:48,863.62,True,20260630_193542,2026-06-30 19:42:59,36.9만,369000.0,27000.0,0.07317073170731707,2026-07-01 20:02:20
wed,49,0의 온도,0g,850650,https://comic.naver.com/webtoon/list?titleId=850650&tab=wed,14151563,0의 온도,0의 온도 (총 11화/미완결),총 11화/미완결,11.0,미완결,0g,평점 10.0 | 0g | 2026.06.16. | 총11화/미완결 | 6화 무료,https://series.naver.com/comic/detail.series?productNo=14151563,matched,ok,"0의 온도 (총 11화/미완결)
평점
10.0 | 0g | 2026.06.16. | 총11화/미완결 | 6화 무료
고1때부터 자신을 따라다니던 영혼 '0'과 사랑에 빠진 민경희.그녀는 성인이 되자마자 '0'과 영혼결혼식을 올리고, '0'이 머물 수 있는 '몸'을 만들어 주기로 약속한다.그러나 만질 수 없는 것을 탐하게 된 대가가 따르는데...",wed,1,wed,1,tue,wed,True,wed,수,tue,wed,14151563_wed,post_24h,어제 밤 10시 공개 이후 증가분 확인용 수집,8만,80000.0,https://series.naver.com/comic/detail.series?productNo=14151563,20260701_194824,wed,수,2026-07-01 19:48:24,2026-07-01,19:48:24,2026-07-01 20:02:21,2026-07-01 20:02:23,1.93,2026-07-01 20:02:23,2026-07-01,20:02:23,2026-07-01 20:02:48,863.62,True,20260630_193542,2026-06-30 19:43:03,7.9만,79000.0,1000.0,0.012658227848101266,2026-07-01 20:02:23
wed,58,불완전 자매,냠냠이,850656,https://comic.naver.com/webtoon/list?titleId=850656&tab=wed,14142629,불완전 자매,불완전 자매 (총 7화/미완결),총 7화/미완결,7.0,미완결,,,https://series.naver.com/comic/detail.series?productNo=14142629,matched,ok,"불완전 자매 (총 7화/미완결)
평점
10.0 | 아니,냠냠이 곰시 | 2026.06.02. | 총7화/미완결 | 2화 무료
언니, 우린 서로가 하나뿐인 ‘자매’잖아.어릴 적에 많이 아팠지만 지금은 회복하여 평범하게 지내고 있는 고등학생 류소희에게는 아픈 여동생 류아영이 있다.아영은 언니 소희를 매우 잘 따르지만, 소희는 이런 아영이 부담..",wed,1,wed,1,tue,wed,True,wed,수,tue,wed,14142629_wed,post_24h,어제 밤 10시 공개 이후 증가분 확인용 수집,5.6만,56000.0,https://series.naver.com/comic/detail.series?productNo=14142629,20260701_194824,wed,수,2026-07-01 19:48:24,2026-07-01,19:48:24,2026-07-01 20:02:24,2026-07-01 20:02:27,2.54,2026-07-01 20:02:27,2026-07-01,20:02:27,2026-07-01 20:02:48,863.62,True,20260630_193542,2026-06-30 19:43:06,5.5만,55000.0,1000.0,0.01818181818181818,2026-07-01 20:02:27
wed,32,서른의 봄,면지,850933,https://comic.naver.com/webtoon/list?titleId=850933&tab=wed,14189062,서른의 봄,서른의 봄 (총 6화/미완결),총 6화/미완결,6.0,미완결,,,https://series.naver.com/comic/detail.series?productNo=14189062,matched,ok,"서른의 봄 (총 6화/미완결)
평점
10.0 | 면지 면지 | 2026.06.02. | 총6화/미완결 | 3화 무료
스물아홉의 ‘봄’은 서른, 30대의 시작을 앞두고 부쩍 생각이 많다.행복한 결혼 생활 중인 친구, 자기 꿈을 이룬 친구에 비해 나는 얼마나 초라한지.회사에서는 계약직이라고 무시당하고, 집에서는 결혼 문제로 닦달하고.‘이 ..",wed,1,wed,1,tue,wed,True,wed,수,tue,wed,14189062_wed,post_24h,어제 밤 10시 공개 이후 증가분 확인용 수집,11.1만,111000.0,https://series.naver.com/comic/detail.series?productNo=14189062,20260701_194824,wed,수,2026-07-01 19:48:24,2026-07-01,19:48:24,2026-07-01 20:02:28,2026-07-01 20:02:30,2.02,2026-07-01 20:02:30,2026-07-01,20:02:30,2026-07-01 20:02:48,863.62,True,20260630_193542,2026-06-30 19:43:10,11만,110000.0,1000.0,0.00909090909090909,2026-07-01 20:02:30
wed,54,경성배달꾼,열오,850967,https://comic.naver.com/webtoon/list?titleId=850967&tab=wed,14216207,경성배달꾼,경성배달꾼 (총 6화/미완결),총 6화/미완결,6.0,미완결,,,https://series.naver.com/comic/detail.series?productNo=14216207,matched,ok,"경성배달꾼 (총 6화/미완결)
평점
10.0 | 열오 펭 | 2026.06.02. | 총6화/미완결 | 1화 무료
배달 문화는 일제강점기 때도 있었다.그런데… ‘이걸’ 배달하라고요?1931년 경성, 인기 냉면집의 베테랑 배달부 태성.어느 날 그릇에 숨겨진 밀서를 발견하며 평온했던 일상이 뒤틀린다.위험한 의뢰, 경찰의 추적, 그 속에서..",wed,1,wed,1,tue,wed,True,wed,수,tue,wed,14216207_wed,post_24h,어제 밤 10시 공개 이후 증가분 확인용 수집,2만,20000.0,https://series.naver.com/comic/detail.series?productNo=14216207,20260701_194824,wed,수,2026-07-01 19:48:24,2026-07-01,19:48:24,2026-07-01 20:02:31,2026-07-01 20:02:33,2.02,2026-07-01 20:02:33,2026-07-01,20:02:33,2026-07-01 20:02:48,863.62,True,20260630_193542,2026-06-30 19:43:15,2만,20000.0,0.0,0.0,2026-07-01 20:02:33
wed,55,조상님이 보고계셔,문찌,850971,https://comic.naver.com/webtoon/list?titleId=850971&tab=wed,14196934,조상님이 보고계셔,조상님이 보고계셔 (총 7화/미완결),총 7화/미완결,7.0,미완결,문찌,평점 10.0 | 문찌 | 2026.06.16. | 총7화/미완결 | 2화 무료,https://series.naver.com/comic/detail.series?productNo=14196934,matched,ok,"조상님이 보고계셔 (총 7화/미완결)
평점
10.0 | 문찌 | 2026.06.16. | 총7화/미완결 | 2화 무료
모든 사람 곁의 조상신이 보이는 신입생 '수다원'.그녀가 원한 건 평범한 대학 생활 뿐이었다.그런데 눈앞에 나타난 수수께끼의 오컬트 동아리 회장 '사다함'.왜인지 그에게서는 아무것도 보이지 않는다?!게다가 다원이 모시는 ..",wed,1,wed,1,tue,wed,True,wed,수,tue,wed,14196934_wed,post_24h,어제 밤 10시 공개 이후 증가분 확인용 수집,7.1만,71000.0,https://series.naver.com/comic/detail.series?productNo=14196934,20260701_194824,wed,수,2026-07-01 19:48:24,2026-07-01,19:48:24,2026-07-01 20:02:34,2026-07-01 20:02:36,1.85,2026-07-01 20:02:36,2026-07-01,20:02:36,2026-07-01 20:02:48,863.62,True,20260630_193542,2026-06-30 19:43:19,6.9만,69000.0,2000.0,0.028985507246376812,2026-07-01 20:02:36
wed,68,더킹,세모,851029,https://comic.naver.com/webtoon/list?titleId=851029&tab=wed,14207883,더킹,더킹 (총 7화/미완결),총 7화/미완결,7.0,미완결,,,https://series.naver.com/comic/detail.series?productNo=14207883,matched,ok,"더킹 (총 7화/미완결)
평점
9.2 | 세모 세모 | 2026.06.02. | 총7화/미완결 | 2화 무료
완벽한 엘리트 코스를 밟아온 스물 후반의 강하나, 하지만 단 한 번의 사건이 그녀의 인생을 무너뜨린다.그녀가 선택한 건 도망이 아닌 싸움. 예측 불가의 링 위에서 그녀는 왕이 되려 한다.",wed,1,wed,1,tue,wed,True,wed,수,tue,wed,14207883_wed,post_24h,어제 밤 10시 공개 이후 증가분 확인용 수집,2.8만,28000.0,https://series.naver.com/comic/detail.series?productNo=14207883,20260701_194824,wed,수,2026-07-01 19:48:24,2026-07-01,19:48:24,2026-07-01 20:02:38,2026-07-01 20:02:40,1.68,2026-07-01 20:02:40,2026-07-01,20:02:40,2026-07-01 20:02:48,863.62,True,20260630_193542,2026-06-30 19:43:22,2.8만,28000.0,0.0,0.0,2026-07-01 20:02:40
wed,50,쾌변일지,도다,851264,https://comic.naver.com/webtoon/list?titleId=851264&tab=wed,14277918,쾌변일지,쾌변일지 (총 7화/미완결),총 7화/미완결,7.0,미완결,도다 도다,평점 10.0 | 도다 도다 | 2026.06.16. | 총7화/미완결 | 2화 무료,https://series.naver.com/comic/detail.series?productNo=14277918,matched,ok,"쾌변일지 (총 7화/미완결)
평점
10.0 | 도다 도다 | 2026.06.16. | 총7화/미완결 | 2화 무료
끔찍한 복통과 멈추지 않는 설사. 하루 종일 화장실로 달려가야 하는 고통의 원인을 병원에서도 명확히 찾아내지 못한다. 스물한 살, 예고도 없이 찾아와 내 몸의 주인 행세를 하는 질병. 과연 무너진 일상을 바로잡을 수 있을까..",wed,1,wed,1,tue,wed,True,wed,수,tue,wed,14277918_wed,post_24h,어제 밤 10시 공개 이후 증가분 확인용 수집,3.3만,33000.0,https://series.naver.com/comic/detail.series?productNo=14277918,20260701_194824,wed,수,2026-07-01 19:48:24,2026-07-01,19:48:24,2026-07-01 20:02:41,2026-07-01 20:02:43,2.13,2026-07-01 20:02:43,2026-07-01,20:02:43,2026-07-01 20:02:48,863.62,True,20260630_193542,2026-06-30 19:43:25,3.1만,31000.0,2000.0,0.06451612903225806,2026-07-01 20:02:43
wed,79,더 스트리머,란,851409,https://comic.naver.com/webtoon/list?titleId=851409&tab=wed,14249965,더 스트리머,더 스트리머 (총 6화/미완결),총 6화/미완결,6.0,미완결,란 란,평점 9.3 | 란 란 | 2026.06.16. | 총6화/미완결 | 1화 무료,https://series.naver.com/comic/detail.series?productNo=14249965,matched,ok,"더 스트리머 (총 6화/미완결)
평점
9.3 | 란 란 | 2026.06.16. | 총6화/미완결 | 1화 무료
시간 내에 시청자 수를 모으지 못하면- 우리는 죽는다.멸망한 세상 속 극한의 생존 방송이 시작된다!",wed,1,wed,1,tue,wed,True,wed,수,tue,wed,14249965_wed,post_24h,어제 밤 10시 공개 이후 증가분 확인용 수집,1만,10000.0,https://series.naver.com/comic/detail.series?productNo=14249965,20260701_194824,wed,수,2026-07-01 19:48:24,2026-07-01,19:48:24,2026-07-01 20:02:44,2026-07-01 20:02:47,2.83,2026-07-01 20:02:47,2026-07-01,20:02:47,2026-07-01 20:02:48,863.62,True,20260630_193542,2026-06-30 19:43:29,1만,10000.0,0.0,0.0,2026-07-01 20:02:47
